﻿,1,2,3,4,5,6,7,8,9,10,11,12
A,PPARg,PPARg,PPARg,PPARg,PPARg,PPARg,PPARg,PPARg,PPARg,PPARg,PPARg,PPARg
B,PPARg,PPARg,PPARg,PPARg,PPARg,PPARg,PPARg,PPARg,PPARg,PPARg,PPARg,PPARg
C,PPARg,PPARg,PPARg,PPARg,PPARg,PPARg,PPARg,PPARg,PPARg,PPARg,PPARg,PPARg
D,PPARg,PPARg,PPARg,PPARg,PPARg,PPARg,PPARg,PPARg,PPARg,PPARg,PPARg,PPARg
E,SREBP,SREBP,SREBP,SREBP,SREBP,SREBP,SREBP,SREBP,SREBP,SREBP,SREBP,SREBP
F,SREBP,SREBP,SREBP,SREBP,SREBP,SREBP,SREBP,SREBP,SREBP,SREBP,SREBP,SREBP
G,SREBP,SREBP,SREBP,SREBP,SREBP,SREBP,SREBP,SREBP,SREBP,SREBP,SREBP,SREBP
H,SREBP,SREBP,SREBP,SREBP,SREBP,SREBP,SREBP,SREBP,SREBP,SREBP,SREBP,SREBP
