﻿,1,2,3,4,5,6,7,8,9,10,11,12
A,FASN,FASN,FASN,FASN,FASN,FASN,FASN,FASN,FASN,FASN,FASN,FASN
B,FASN,FASN,FASN,FASN,FASN,FASN,FASN,FASN,FASN,FASN,FASN,FASN
C,FASN,FASN,FASN,FASN,FASN,FASN,FASN,FASN,FASN,FASN,FASN,FASN
D,FASN,FASN,FASN,FASN,FASN,FASN,FASN,FASN,FASN,FASN,FASN,FASN
E,CEBPA,CEBPA,CEBPA,CEBPA,CEBPA,CEBPA,CEBPA,CEBPA,CEBPA,CEBPA,CEBPA,CEBPA
F,CEBPA,CEBPA,CEBPA,CEBPA,CEBPA,CEBPA,CEBPA,CEBPA,CEBPA,CEBPA,CEBPA,CEBPA
G,CEBPA,CEBPA,CEBPA,CEBPA,CEBPA,CEBPA,CEBPA,CEBPA,CEBPA,CEBPA,CEBPA,CEBPA
H,CEBPA,CEBPA,CEBPA,CEBPA,CEBPA,CEBPA,CEBPA,CEBPA,CEBPA,CEBPA,CEBPA,CEBPA
