﻿,1,2,3,4,5,6,7,8,9,10,11,12
A,b-actin,b-actin,b-actin,FABP4,FABP4,FABP4,LPL,LPL,LPL,PLIN,PLIN,PLIN
B,b-actin,b-actin,b-actin,FABP4,FABP4,FABP4,LPL,LPL,LPL,PLIN,PLIN,PLIN
C,b-actin,b-actin,b-actin,FABP4,FABP4,FABP4,LPL,LPL,LPL,PLIN,PLIN,PLIN
D,b-actin,b-actin,b-actin,FABP4,FABP4,FABP4,LPL,LPL,LPL,PLIN,PLIN,PLIN
E,ADIPOQ,ADIPOQ,ADIPOQ,RETN,RETN,RETN,PPARg,PPARg,PPARg,PPARa,PPARa,PPARa
F,ADIPOQ,ADIPOQ,ADIPOQ,RETN,RETN,RETN,PPARg,PPARg,PPARg,PPARa,PPARa,PPARa
G,ADIPOQ,ADIPOQ,ADIPOQ,RETN,RETN,RETN,PPARg,PPARg,PPARg,PPARa,PPARa,PPARa
H,ADIPOQ,ADIPOQ,ADIPOQ,RETN,RETN,RETN,PPARg,PPARg,PPARg,PPARa,PPARa,PPARa
