﻿,1,2,3,4,5,6,7,8,9,10,11,12
A,FASN,FASN,FASN,FASN,FASN,FASN,FASN,FASN,FASN,FASN,FASN,FASN
B,FASN,FASN,FASN,FASN,FASN,FASN,FASN,FASN,FASN,FASN,FASN,FASN
C,FASN,FASN,FASN,FASN,FASN,FASN,FASN,FASN,FASN,FASN,FASN,FASN
D,FASN,FASN,FASN,FASN,FASN,FASN,FASN,FASN,FASN,FASN,FASN,FASN
E,RETN,RETN,RETN,RETN,RETN,RETN,RETN,RETN,RETN,RETN,RETN,RETN
F,RETN,RETN,RETN,RETN,RETN,RETN,RETN,RETN,RETN,RETN,RETN,RETN
G,RETN,RETN,RETN,RETN,RETN,RETN,RETN,RETN,RETN,RETN,RETN,RETN
H,RETN,RETN,RETN,RETN,RETN,RETN,RETN,RETN,RETN,RETN,RETN,RETN
