﻿,1,2,3,4,5,6,7,8,9,10,11,12
A,CEBPA,CEBPA,CEBPA,CEBPA,CEBPA,CEBPA,CEBPA,CEBPA,CEBPA,CEBPA,CEBPA,CEBPA
B,CEBPA,CEBPA,CEBPA,CEBPA,CEBPA,CEBPA,CEBPA,CEBPA,CEBPA,CEBPA,CEBPA,CEBPA
C,CEBPA,CEBPA,CEBPA,CEBPA,CEBPA,CEBPA,CEBPA,CEBPA,CEBPA,CEBPA,CEBPA,CEBPA
D,CEBPA,CEBPA,CEBPA,CEBPA,CEBPA,CEBPA,CEBPA,CEBPA,CEBPA,CEBPA,CEBPA,CEBPA
E,CEBPA,CEBPA,CEBPA,CEBPA,CEBPA,CEBPA,CEBPA,CEBPA,CEBPA,CEBPA,CEBPA,CEBPA
F,CEBPA,CEBPA,CEBPA,CEBPA,CEBPA,CEBPA,CEBPA,CEBPA,CEBPA,CEBPA,CEBPA,CEBPA
G,,,,,,,,,,CEBPA,CEBPA,CEBPA
H,,,,,,,,,,CEBPA,CEBPA,CEBPA
