"gene","chemical","replicate","average_CT"
"adipoq","0.01umdeha",1,25.7233333333333
"adipoq","0.01umdeha",2,27.77
"adipoq","0.01umdeha",7,24.4166666666667
"adipoq","0.01umdehtp",1,25.1533333333333
"adipoq","0.01umdehtp",2,28.2433333333333
"adipoq","0.01umdehtp",3,25.1633333333333
"adipoq","0.01ummeha",4,26.6266666666667
"adipoq","0.01ummeha",5,24.9133333333333
"adipoq","0.01ummeha",6,26.2433333333333
"adipoq","0.01ummehp",3,24.2266666666667
"adipoq","0.01ummehp",4,25.2933333333333
"adipoq","0.01ummehp",5,24.2966666666667
"adipoq","0.01ummehtp",3,24.6233333333333
"adipoq","0.01ummehtp",4,25.0733333333333
"adipoq","0.01ummehtp",5,24.8633333333333
"adipoq","0.1umdeha",1,25.81
"adipoq","0.1umdeha",2,28.1033333333333
"adipoq","0.1umdeha",7,24.43
"adipoq","0.1umdehtp",1,25.76
"adipoq","0.1umdehtp",2,27.5633333333333
"adipoq","0.1umdehtp",3,24.91
"adipoq","0.1ummeha",4,25.99
"adipoq","0.1ummeha",5,25.0166666666667
"adipoq","0.1ummeha",6,26.3266666666667
"adipoq","0.1ummehp",3,24.09
"adipoq","0.1ummehp",4,24.5633333333333
"adipoq","0.1ummehp",5,24.0566666666667
"adipoq","0.1ummehtp",3,24.8
"adipoq","0.1ummehtp",4,24.6333333333333
"adipoq","0.1ummehtp",5,24.67
"adipoq","100umdeha",11,22.7833333333333
"adipoq","100umdehtp",11,23.1566666666667
"adipoq","100ummecptp",11,22.2133333333333
"adipoq","100ummeha",8,22.2133333333333
"adipoq","100ummeha",9,20.1966666666667
"adipoq","100ummeha",10,19.1466666666667
"adipoq","100ummehp",8,20.5566666666667
"adipoq","100ummehp",9,20.4833333333333
"adipoq","100ummehp",10,20.2233333333333
"adipoq","100ummehtp",8,22.1566666666667
"adipoq","100ummehtp",9,20.4433333333333
"adipoq","100ummehtp",10,19.5733333333333
"adipoq","100umretinoicacid",8,23.74
"adipoq","100umretinoicacid",9,23.56
"adipoq","100umretinoicacid",10,21.33
"adipoq","10umdeha",1,24.57
"adipoq","10umdeha",2,27.6566666666667
"adipoq","10umdeha",7,23.2833333333333
"adipoq","10umdehtp",1,25.87
"adipoq","10umdehtp",2,27.4566666666667
"adipoq","10umdehtp",3,24.5633333333333
"adipoq","10ummecptp",11,22.4166666666667
"adipoq","10ummeha",4,25.7466666666667
"adipoq","10ummeha",5,24.8933333333333
"adipoq","10ummeha",6,25.5233333333333
"adipoq","10ummehp",3,22.0266666666667
"adipoq","10ummehp",4,22.85
"adipoq","10ummehp",5,21.78
"adipoq","10ummehtp",3,23.5633333333333
"adipoq","10ummehtp",4,23.85
"adipoq","10ummehtp",5,24.0133333333333
"adipoq","1umdeha",1,25.44
"adipoq","1umdeha",2,27.5166666666667
"adipoq","1umdeha",7,23.5466666666667
"adipoq","1umdehtp",1,25.7066666666667
"adipoq","1umdehtp",2,27.1066666666667
"adipoq","1umdehtp",3,24.3066666666667
"adipoq","1ummeha",4,25.8066666666667
"adipoq","1ummeha",5,25.2066666666667
"adipoq","1ummeha",6,25.9666666666667
"adipoq","1ummehp",3,23.2533333333333
"adipoq","1ummehp",4,24.74
"adipoq","1ummehp",5,23.96
"adipoq","1ummehtp",3,24.09
"adipoq","1ummehtp",4,24.0766666666667
"adipoq","1ummehtp",5,24.3466666666667
"adipoq","20umdeha",1,24.7233333333333
"adipoq","20umdeha",2,26.74
"adipoq","20umdeha",7,23.3666666666667
"adipoq","20umdeha",11,22.59
"adipoq","20umdehtp",1,25.8233333333333
"adipoq","20umdehtp",2,27.5833333333333
"adipoq","20umdehtp",3,24.8
"adipoq","20umdehtp",11,23.1566666666667
"adipoq","20ummecptp",11,22.82
"adipoq","20ummeha",4,25.32
"adipoq","20ummeha",5,24.06
"adipoq","20ummeha",6,24.6933333333333
"adipoq","20ummeha",8,23.37
"adipoq","20ummeha",9,21.9833333333333
"adipoq","20ummeha",10,20.62
"adipoq","20ummehp",3,21.03
"adipoq","20ummehp",4,21.58
"adipoq","20ummehp",5,21.33
"adipoq","20ummehp",8,22.3133333333333
"adipoq","20ummehp",9,20.1333333333333
"adipoq","20ummehp",10,19.6433333333333
"adipoq","20ummehtp",3,22.6266666666667
"adipoq","20ummehtp",4,22.8966666666667
"adipoq","20ummehtp",5,23.7166666666667
"adipoq","20ummehtp",8,22.7166666666667
"adipoq","20ummehtp",9,21.4333333333333
"adipoq","20ummehtp",10,20.0566666666667
"adipoq","50umdeha",11,22.69
"adipoq","50umdehtp",11,23.1933333333333
"adipoq","50ummecptp",11,22.61
"adipoq","50ummeha",8,22.9233333333333
"adipoq","50ummeha",9,21.0766666666667
"adipoq","50ummeha",10,19.47
"adipoq","50ummehp",8,21.24
"adipoq","50ummehp",9,19.6433333333333
"adipoq","50ummehp",10,19.3433333333333
"adipoq","50ummehtp",8,23.2566666666667
"adipoq","50ummehtp",9,20.87
"adipoq","50ummehtp",10,18.9933333333333
"adipoq","mi",1,24.5033333333333
"adipoq","mi",2,27.8188888888889
"adipoq","mi",3,24.6133333333333
"adipoq","mi",4,25.4441666666667
"adipoq","mi",5,24.6516666666667
"adipoq","mi",6,25.8116666666667
"adipoq","mi",7,24.05
"adipoq","mi",8,24.9491666666667
"adipoq","mi",9,23.0375
"adipoq","mi",10,22.1275
"adipoq","mi",11,23.2466666666667
"adipoq","mid",1,20.9566666666667
"adipoq","mid",2,20.3266666666667
"adipoq","mid",3,19.38
"adipoq","mid",4,19.3466666666667
"adipoq","mid",5,19.5066666666667
"adipoq","mid",6,19.2966666666667
"adipoq","mid",7,19.1
"adipoq","mid",8,19.5633333333333
"adipoq","mid",9,20.2766666666667
"adipoq","mid",10,20.2233333333333
"adipoq","mid",11,20.18
"adipoq","mie",1,23.12
"adipoq","mie",2,27.39
"adipoq","mie",3,23.79
"adipoq","mie",4,25.44
"adipoq","mie",5,23.8666666666667
"adipoq","mie",6,25.1366666666667
"adipoq","mie",7,22.9
"adipoq","mie",8,24.2766666666667
"adipoq","mie",9,22.9666666666667
"adipoq","mie",10,22.11
"adipoq","mie",11,23.2366666666667
"adipoq","mir",1,20.3166666666667
"adipoq","mir",2,21.05
"adipoq","mir",3,19.05
"adipoq","mir",4,19.54
"adipoq","mir",5,19.06
"adipoq","mir",6,20.3833333333333
"adipoq","mir",7,18.3333333333333
"adipoq","mir",8,19.74
"adipoq","mir",9,19.2233333333333
"adipoq","mir",10,18.7033333333333
"adipoq","mir",11,18.6933333333333
"b-actin","0.01umdeha",1,19.2066666666667
"b-actin","0.01umdeha",2,18.1166666666667
"b-actin","0.01umdeha",7,17.8966666666667
"b-actin","0.01umdehtp",1,19.2066666666667
"b-actin","0.01umdehtp",2,18.5566666666667
"b-actin","0.01umdehtp",3,17.96
"b-actin","0.01ummeha",4,18.3666666666667
"b-actin","0.01ummeha",5,18.24
"b-actin","0.01ummeha",6,17.8833333333333
"b-actin","0.01ummehp",3,18.0066666666667
"b-actin","0.01ummehp",4,18.4266666666667
"b-actin","0.01ummehp",5,18.2733333333333
"b-actin","0.01ummehtp",3,17.9066666666667
"b-actin","0.01ummehtp",4,18.4033333333333
"b-actin","0.01ummehtp",5,18.26
"b-actin","0.01umtpa",1,19.2933333333333
"b-actin","0.01umtpa",2,18.2366666666667
"b-actin","0.1umdeha",1,19.6033333333333
"b-actin","0.1umdeha",2,17.7833333333333
"b-actin","0.1umdeha",7,17.9866666666667
"b-actin","0.1umdehtp",1,20.0466666666667
"b-actin","0.1umdehtp",2,18.0933333333333
"b-actin","0.1umdehtp",3,17.9366666666667
"b-actin","0.1ummeha",4,18.27
"b-actin","0.1ummeha",5,18.12
"b-actin","0.1ummeha",6,17.6133333333333
"b-actin","0.1ummehp",3,17.7066666666667
"b-actin","0.1ummehp",4,18.45
"b-actin","0.1ummehp",5,18.07
"b-actin","0.1ummehtp",3,17.91
"b-actin","0.1ummehtp",4,18.1566666666667
"b-actin","0.1ummehtp",5,18.1933333333333
"b-actin","0.1umtpa",1,19.3333333333333
"b-actin","0.1umtpa",2,17.9933333333333
"b-actin","100umdeha",11,17.4633333333333
"b-actin","100umdehtp",11,17.5833333333333
"b-actin","100ummecptp",11,17.4533333333333
"b-actin","100ummeha",8,17.75
"b-actin","100ummeha",9,18.6166666666667
"b-actin","100ummeha",10,18.2333333333333
"b-actin","100ummehp",8,18.5166666666667
"b-actin","100ummehp",9,18.9166666666667
"b-actin","100ummehp",10,18.7433333333333
"b-actin","100ummehtp",8,17.99
"b-actin","100ummehtp",9,18.05
"b-actin","100ummehtp",10,18.0666666666667
"b-actin","100umretinoicacid",8,18.03
"b-actin","100umretinoicacid",9,18.68
"b-actin","100umretinoicacid",10,17.6466666666667
"b-actin","10umdeha",1,18.8966666666667
"b-actin","10umdeha",2,18.2533333333333
"b-actin","10umdeha",7,17.7266666666667
"b-actin","10umdehtp",1,19.8166666666667
"b-actin","10umdehtp",2,18.0933333333333
"b-actin","10umdehtp",3,17.5666666666667
"b-actin","10ummecptp",11,17.6366666666667
"b-actin","10ummeha",4,18.0866666666667
"b-actin","10ummeha",5,17.9933333333333
"b-actin","10ummeha",6,17.6666666666667
"b-actin","10ummehp",3,17.9266666666667
"b-actin","10ummehp",4,18.09
"b-actin","10ummehp",5,18.07
"b-actin","10ummehtp",3,17.6233333333333
"b-actin","10ummehtp",4,18.1166666666667
"b-actin","10ummehtp",5,18.0566666666667
"b-actin","10umtpa",1,19.71
"b-actin","10umtpa",2,18.28
"b-actin","1umdeha",1,18.93
"b-actin","1umdeha",2,18.03
"b-actin","1umdeha",7,17.95
"b-actin","1umdehtp",1,18.7166666666667
"b-actin","1umdehtp",2,18.1833333333333
"b-actin","1umdehtp",3,17.9
"b-actin","1ummeha",4,18.1733333333333
"b-actin","1ummeha",5,18.0066666666667
"b-actin","1ummeha",6,17.89
"b-actin","1ummehp",3,17.6233333333333
"b-actin","1ummehp",4,18.5466666666667
"b-actin","1ummehp",5,17.9966666666667
"b-actin","1ummehtp",3,17.5166666666667
"b-actin","1ummehtp",4,18.2433333333333
"b-actin","1ummehtp",5,18.2033333333333
"b-actin","1umtpa",1,18.4633333333333
"b-actin","1umtpa",2,18.6033333333333
"b-actin","20umdeha",1,19.5666666666667
"b-actin","20umdeha",2,18.0766666666667
"b-actin","20umdeha",7,17.96
"b-actin","20umdeha",11,17.9233333333333
"b-actin","20umdehtp",1,19.5666666666667
"b-actin","20umdehtp",2,18.1633333333333
"b-actin","20umdehtp",3,18.15
"b-actin","20umdehtp",11,17.7566666666667
"b-actin","20ummecptp",11,17.61
"b-actin","20ummeha",4,18.51
"b-actin","20ummeha",5,18.0566666666667
"b-actin","20ummeha",6,17.7333333333333
"b-actin","20ummeha",8,17.7266666666667
"b-actin","20ummeha",9,17.82
"b-actin","20ummeha",10,17.8633333333333
"b-actin","20ummehp",3,17.8833333333333
"b-actin","20ummehp",4,18.1
"b-actin","20ummehp",5,18.1833333333333
"b-actin","20ummehp",8,18.12
"b-actin","20ummehp",9,18.1166666666667
"b-actin","20ummehp",10,18.1766666666667
"b-actin","20ummehtp",3,17.7466666666667
"b-actin","20ummehtp",4,18.4
"b-actin","20ummehtp",5,18.2033333333333
"b-actin","20ummehtp",8,17.7966666666667
"b-actin","20ummehtp",9,18.1
"b-actin","20ummehtp",10,17.84
"b-actin","20umtpa",1,19.45
"b-actin","20umtpa",2,18.21
"b-actin","50umdeha",11,17.2933333333333
"b-actin","50umdehtp",11,17.4766666666667
"b-actin","50ummecptp",11,17.46
"b-actin","50ummeha",8,17.6633333333333
"b-actin","50ummeha",9,18.0733333333333
"b-actin","50ummeha",10,17.6766666666667
"b-actin","50ummehp",8,18.56
"b-actin","50ummehp",9,18.57
"b-actin","50ummehp",10,18.3733333333333
"b-actin","50ummehtp",8,17.6433333333333
"b-actin","50ummehtp",9,18.11
"b-actin","50ummehtp",10,18.01
"b-actin","mi",1,19.1825
"b-actin","mi",2,18.4033333333333
"b-actin","mi",3,17.965
"b-actin","mi",4,18.3509090909091
"b-actin","mi",5,18.2591666666667
"b-actin","mi",6,17.8866666666667
"b-actin","mi",7,17.7116666666667
"b-actin","mi",8,18.0826666666667
"b-actin","mi",9,18.036
"b-actin","mi",10,17.836
"b-actin","mi",11,17.9111111111111
"b-actin","mid",1,20.2066666666667
"b-actin","mid",2,18.4733333333333
"b-actin","mid",3,18.64
"b-actin","mid",4,19.125
"b-actin","mid",5,19.23
"b-actin","mid",6,18.4966666666667
"b-actin","mid",7,18.04
"b-actin","mid",8,18.67
"b-actin","mid",9,19.0116666666667
"b-actin","mid",10,18.9283333333333
"b-actin","mid",11,18.4366666666667
"b-actin","mie",1,19.3866666666667
"b-actin","mie",2,18.2
"b-actin","mie",3,18.0233333333333
"b-actin","mie",4,18.36
"b-actin","mie",5,18.25
"b-actin","mie",6,17.9066666666667
"b-actin","mie",7,17.5233333333333
"b-actin","mie",8,17.855
"b-actin","mie",9,18.1366666666667
"b-actin","mie",10,17.7983333333333
"b-actin","mie",11,17.8
"b-actin","mir",1,19.9966666666667
"b-actin","mir",2,18.5133333333333
"b-actin","mir",3,18.5166666666667
"b-actin","mir",4,18.76
"b-actin","mir",5,18.8666666666667
"b-actin","mir",6,17.7666666666667
"b-actin","mir",7,17.6833333333333
"b-actin","mir",8,18.2483333333333
"b-actin","mir",9,18.9266666666667
"b-actin","mir",10,18.4266666666667
"b-actin","mir",11,18.1866666666667
"cebpa","0.01ummeha",4,27.1366666666667
"cebpa","0.01ummeha",5,26.7833333333333
"cebpa","0.01ummeha",6,27.7333333333333
"cebpa","0.01ummehp",3,27.17
"cebpa","0.01ummehp",4,27.36
"cebpa","0.01ummehp",5,27.6066666666667
"cebpa","0.01ummehtp",3,26.9833333333333
"cebpa","0.01ummehtp",4,27.49
"cebpa","0.01ummehtp",5,27.9266666666667
"cebpa","0.1ummeha",4,26.7766666666667
"cebpa","0.1ummeha",5,26.55
"cebpa","0.1ummeha",6,27.4833333333333
"cebpa","0.1ummehp",3,26.8066666666667
"cebpa","0.1ummehp",4,27.2266666666667
"cebpa","0.1ummehp",5,27.3666666666667
"cebpa","0.1ummehtp",3,27.4766666666667
"cebpa","0.1ummehtp",4,27.3966666666667
"cebpa","0.1ummehtp",5,27.8633333333333
"cebpa","100umdeha",11,26.66
"cebpa","100umdehtp",11,26.8766666666667
"cebpa","100ummecptp",11,26.16
"cebpa","100ummeha",8,26.1166666666667
"cebpa","100ummeha",9,25.35
"cebpa","100ummeha",10,25.1333333333333
"cebpa","100ummehp",8,25.3166666666667
"cebpa","100ummehp",9,26.2
"cebpa","100ummehp",10,26.0533333333333
"cebpa","100ummehtp",8,27
"cebpa","100ummehtp",9,25.6066666666667
"cebpa","100ummehtp",10,25.3666666666667
"cebpa","100umretinoicacid",8,29.1533333333333
"cebpa","100umretinoicacid",9,29.9566666666667
"cebpa","100umretinoicacid",10,27.7266666666667
"cebpa","10ummecptp",11,25.9166666666667
"cebpa","10ummeha",4,27.1466666666667
"cebpa","10ummeha",5,26.7633333333333
"cebpa","10ummeha",6,27.5333333333333
"cebpa","10ummehp",3,26.6366666666667
"cebpa","10ummehp",4,26.27
"cebpa","10ummehp",5,26.5433333333333
"cebpa","10ummehtp",3,27.1833333333333
"cebpa","10ummehtp",4,27.6233333333333
"cebpa","10ummehtp",5,28.2766666666667
"cebpa","1ummeha",4,27.0966666666667
"cebpa","1ummeha",5,26.7433333333333
"cebpa","1ummeha",6,27.63
"cebpa","1ummehp",3,26.59
"cebpa","1ummehp",4,27.5066666666667
"cebpa","1ummehp",5,27.3633333333333
"cebpa","1ummehtp",3,27.0233333333333
"cebpa","1ummehtp",4,27.9466666666667
"cebpa","1ummehtp",5,28.03
"cebpa","20umdeha",11,26.3833333333333
"cebpa","20umdehtp",11,26.5066666666667
"cebpa","20ummecptp",11,26.1433333333333
"cebpa","20ummeha",4,27.4633333333333
"cebpa","20ummeha",5,26.4366666666667
"cebpa","20ummeha",6,27.24
"cebpa","20ummeha",8,26.3933333333333
"cebpa","20ummeha",9,26.3166666666667
"cebpa","20ummeha",10,26.11
"cebpa","20ummehp",3,25.2033333333333
"cebpa","20ummehp",4,25.4033333333333
"cebpa","20ummehp",5,25.9933333333333
"cebpa","20ummehp",8,26.41
"cebpa","20ummehp",9,25.1466666666667
"cebpa","20ummehp",10,25.3433333333333
"cebpa","20ummehtp",3,27.17
"cebpa","20ummehtp",4,27.18
"cebpa","20ummehtp",5,28.44
"cebpa","20ummehtp",8,26.9566666666667
"cebpa","20ummehtp",9,26.9633333333333
"cebpa","20ummehtp",10,26.0766666666667
"cebpa","50umdeha",11,26.1733333333333
"cebpa","50umdehtp",11,26.78
"cebpa","50ummecptp",11,26.2266666666667
"cebpa","50ummeha",8,26.2566666666667
"cebpa","50ummeha",9,25.8766666666667
"cebpa","50ummeha",10,25.25
"cebpa","50ummehp",8,26.3433333333333
"cebpa","50ummehp",9,24.8
"cebpa","50ummehp",10,25.6666666666667
"cebpa","50ummehtp",8,26.9166666666667
"cebpa","50ummehtp",9,25.91
"cebpa","50ummehtp",10,25.31
"cebpa","mi",3,27.77
"cebpa","mi",4,27.7458333333333
"cebpa","mi",5,27.8866666666667
"cebpa","mi",6,27.4933333333333
"cebpa","mi",8,27.4208333333333
"cebpa","mi",9,27.5583333333333
"cebpa","mi",10,26.8833333333333
"cebpa","mi",11,26.5722222222222
"cebpa","mid",3,25.1566666666667
"cebpa","mid",4,25.1733333333333
"cebpa","mid",5,25.1466666666667
"cebpa","mid",6,24.7866666666667
"cebpa","mid",8,24.6633333333333
"cebpa","mid",9,26.75
"cebpa","mid",10,25.81
"cebpa","mid",11,25.7133333333333
"cebpa","mie",3,26.8333333333333
"cebpa","mie",4,26.9533333333333
"cebpa","mie",5,26.73
"cebpa","mie",6,26.6766666666667
"cebpa","mie",8,26.7766666666667
"cebpa","mie",9,26.7933333333333
"cebpa","mie",10,26.3066666666667
"cebpa","mie",11,26.4333333333333
"cebpa","mir",3,24.1933333333333
"cebpa","mir",4,24.48
"cebpa","mir",5,24.24
"cebpa","mir",6,24.9366666666667
"cebpa","mir",8,24.37
"cebpa","mir",9,25.5566666666667
"cebpa","mir",10,25.1366666666667
"cebpa","mir",11,25.0133333333333
"dlk1","0.01umdeha",1,18.9966666666667
"dlk1","0.01umdehtp",1,18.7766666666667
"dlk1","0.01ummeha",4,18.46
"dlk1","0.01ummeha",5,18.1666666666667
"dlk1","0.01ummeha",6,18.2733333333333
"dlk1","0.01ummehp",3,18.7966666666667
"dlk1","0.01ummehp",4,18.6433333333333
"dlk1","0.01ummehp",5,18.5033333333333
"dlk1","0.01ummehtp",3,18.6066666666667
"dlk1","0.01ummehtp",4,18.5633333333333
"dlk1","0.01ummehtp",5,18.4033333333333
"dlk1","0.1umdeha",1,19.2633333333333
"dlk1","0.1umdehtp",1,19.8033333333333
"dlk1","0.1ummeha",4,18.4133333333333
"dlk1","0.1ummeha",5,18.0866666666667
"dlk1","0.1ummeha",6,18.2066666666667
"dlk1","0.1ummehp",3,18.73
"dlk1","0.1ummehp",4,18.7466666666667
"dlk1","0.1ummehp",5,18.4466666666667
"dlk1","0.1ummehtp",3,18.7866666666667
"dlk1","0.1ummehtp",4,18.53
"dlk1","0.1ummehtp",5,18.4666666666667
"dlk1","100umdeha",11,18.3466666666667
"dlk1","100umdehtp",11,18.4633333333333
"dlk1","100ummecptp",11,18.4666666666667
"dlk1","100ummeha",8,19.2966666666667
"dlk1","100ummeha",9,19.3433333333333
"dlk1","100ummeha",10,20.0266666666667
"dlk1","100ummehp",8,21.15
"dlk1","100ummehp",9,21.22
"dlk1","100ummehp",10,21.4266666666667
"dlk1","100ummehtp",8,19.98
"dlk1","100ummehtp",9,19.8866666666667
"dlk1","100ummehtp",10,20.7266666666667
"dlk1","100umretinoicacid",8,18.26
"dlk1","100umretinoicacid",9,19.0866666666667
"dlk1","100umretinoicacid",10,18.0766666666667
"dlk1","10umdeha",1,18.4533333333333
"dlk1","10umdehtp",1,19.7433333333333
"dlk1","10ummecptp",11,18.82
"dlk1","10ummeha",4,18.7033333333333
"dlk1","10ummeha",5,18.2766666666667
"dlk1","10ummeha",6,18.32
"dlk1","10ummehp",3,19.25
"dlk1","10ummehp",4,18.6433333333333
"dlk1","10ummehp",5,18.78
"dlk1","10ummehtp",3,18.96
"dlk1","10ummehtp",4,18.6
"dlk1","10ummehtp",5,18.4266666666667
"dlk1","1umdeha",1,18.59
"dlk1","1umdehtp",1,18.82
"dlk1","1ummeha",4,18.4766666666667
"dlk1","1ummeha",5,18.0433333333333
"dlk1","1ummeha",6,18.3433333333333
"dlk1","1ummehp",3,18.8233333333333
"dlk1","1ummehp",4,18.8166666666667
"dlk1","1ummehp",5,18.6066666666667
"dlk1","1ummehtp",3,18.4333333333333
"dlk1","1ummehtp",4,18.65
"dlk1","1ummehtp",5,18.3633333333333
"dlk1","20umdeha",1,19.2433333333333
"dlk1","20umdeha",11,18.73
"dlk1","20umdehtp",1,19.6933333333333
"dlk1","20umdehtp",11,18.58
"dlk1","20ummecptp",11,18.5166666666667
"dlk1","20ummeha",8,18.8266666666667
"dlk1","20ummeha",9,18.7133333333333
"dlk1","20ummeha",10,18.9666666666667
"dlk1","20ummehp",8,19.5366666666667
"dlk1","20ummehp",9,19.4866666666667
"dlk1","20ummehp",10,19.72
"dlk1","20ummehtp",8,19.15
"dlk1","20ummehtp",9,19.0966666666667
"dlk1","20ummehtp",10,19.1466666666667
"dlk1","50umdeha",11,18.2866666666667
"dlk1","50umdehtp",11,18.6033333333333
"dlk1","50ummecptp",11,18.4466666666667
"dlk1","50ummeha",8,19.1566666666667
"dlk1","50ummeha",9,19.1466666666667
"dlk1","50ummeha",10,19.2966666666667
"dlk1","50ummehp",8,21.2966666666667
"dlk1","50ummehp",9,20.6266666666667
"dlk1","50ummehp",10,21.1066666666667
"dlk1","50ummehtp",8,19.6266666666667
"dlk1","50ummehtp",9,19.6
"dlk1","50ummehtp",10,20.29
"dlk1","mi",1,19.2677777777778
"dlk1","mi",3,19.0911111111111
"dlk1","mi",4,18.5008333333333
"dlk1","mi",5,18.6508333333333
"dlk1","mi",6,18.6816666666667
"dlk1","mi",8,18.995
"dlk1","mi",9,18.8341666666667
"dlk1","mi",10,18.6975
"dlk1","mi",11,18.8611111111111
"dlk1","mid",1,21.8233333333333
"dlk1","mid",3,20.8833333333333
"dlk1","mid",4,19.63
"dlk1","mid",5,20.4266666666667
"dlk1","mid",6,20.22
"dlk1","mid",8,20.1466666666667
"dlk1","mid",9,20.8633333333333
"dlk1","mid",10,21.02
"dlk1","mid",11,21.0733333333333
"dlk1","mie",1,19.0333333333333
"dlk1","mie",3,18.5133333333333
"dlk1","mie",4,17.5033333333333
"dlk1","mie",5,18.0933333333333
"dlk1","mie",6,18.2433333333333
"dlk1","mie",8,18.2066666666667
"dlk1","mie",9,18.2466666666667
"dlk1","mie",10,18.1166666666667
"dlk1","mie",11,18.3033333333333
"dlk1","mir",1,20.5333333333333
"dlk1","mir",3,20.13
"dlk1","mir",4,18.6366666666667
"dlk1","mir",5,19.6833333333333
"dlk1","mir",6,18.6733333333333
"dlk1","mir",8,19.3866666666667
"dlk1","mir",9,20.0833333333333
"dlk1","mir",10,20.0133333333333
"dlk1","mir",11,19.9833333333333
"fabp4","0.01umdeha",1,23.2133333333333
"fabp4","0.01umdeha",2,25.9333333333333
"fabp4","0.01umdeha",7,24.3466666666667
"fabp4","0.01umdehtp",1,22.7233333333333
"fabp4","0.01umdehtp",2,25.88
"fabp4","0.01umdehtp",3,25.15
"fabp4","0.01ummeha",4,25.79
"fabp4","0.01ummeha",5,24.1966666666667
"fabp4","0.01ummeha",6,25.0033333333333
"fabp4","0.01ummehp",3,24.3
"fabp4","0.01ummehp",4,25.2666666666667
"fabp4","0.01ummehp",5,24.3633333333333
"fabp4","0.01ummehtp",3,25.1566666666667
"fabp4","0.01ummehtp",4,25.1266666666667
"fabp4","0.01ummehtp",5,24.9833333333333
"fabp4","0.01umtpa",1,22.9166666666667
"fabp4","0.01umtpa",2,25.33
"fabp4","0.1umdeha",1,22.4466666666667
"fabp4","0.1umdeha",2,26.5666666666667
"fabp4","0.1umdeha",7,24.23
"fabp4","0.1umdehtp",1,22.3433333333333
"fabp4","0.1umdehtp",2,25.9966666666667
"fabp4","0.1umdehtp",3,24.8733333333333
"fabp4","0.1ummeha",4,25.1633333333333
"fabp4","0.1ummeha",5,24.33
"fabp4","0.1ummeha",6,24.71
"fabp4","0.1ummehp",3,24.4933333333333
"fabp4","0.1ummehp",4,24.61
"fabp4","0.1ummehp",5,24.18
"fabp4","0.1ummehtp",3,25.07
"fabp4","0.1ummehtp",4,24.8733333333333
"fabp4","0.1ummehtp",5,25.1
"fabp4","0.1umtpa",1,22.4066666666667
"fabp4","0.1umtpa",2,25.7633333333333
"fabp4","100umdeha",11,22.03
"fabp4","100umdehtp",11,22.39
"fabp4","100ummecptp",11,21.03
"fabp4","100ummeha",8,21.4533333333333
"fabp4","100ummeha",9,19.46
"fabp4","100ummeha",10,18.1666666666667
"fabp4","100ummehp",8,18.29
"fabp4","100ummehp",9,18.4733333333333
"fabp4","100ummehp",10,18.0633333333333
"fabp4","100ummehtp",8,20.2966666666667
"fabp4","100ummehtp",9,19.21
"fabp4","100ummehtp",10,17.3
"fabp4","100umretinoicacid",8,23.2366666666667
"fabp4","100umretinoicacid",9,22.58
"fabp4","100umretinoicacid",10,20.7566666666667
"fabp4","10umdeha",1,22.2766666666667
"fabp4","10umdeha",2,24.93
"fabp4","10umdeha",7,22.7933333333333
"fabp4","10umdehtp",1,22.25
"fabp4","10umdehtp",2,25.12
"fabp4","10umdehtp",3,24.3166666666667
"fabp4","10ummecptp",11,21.6766666666667
"fabp4","10ummeha",4,24.58
"fabp4","10ummeha",5,23.9666666666667
"fabp4","10ummeha",6,23.7333333333333
"fabp4","10ummehp",3,21.5233333333333
"fabp4","10ummehp",4,22.5233333333333
"fabp4","10ummehp",5,21.33
"fabp4","10ummehtp",3,23.6166666666667
"fabp4","10ummehtp",4,23.8333333333333
"fabp4","10ummehtp",5,24.04
"fabp4","10umtpa",1,22.39
"fabp4","10umtpa",2,25.78
"fabp4","1umdeha",1,22.7766666666667
"fabp4","1umdeha",2,25.5533333333333
"fabp4","1umdeha",7,23.2733333333333
"fabp4","1umdehtp",1,23.1766666666667
"fabp4","1umdehtp",2,25.11
"fabp4","1umdehtp",3,24.23
"fabp4","1ummeha",4,24.5866666666667
"fabp4","1ummeha",5,24.4066666666667
"fabp4","1ummeha",6,24.2666666666667
"fabp4","1ummehp",3,23.4033333333333
"fabp4","1ummehp",4,24.29
"fabp4","1ummehp",5,23.9233333333333
"fabp4","1ummehtp",3,24.4
"fabp4","1ummehtp",4,24.0366666666667
"fabp4","1ummehtp",5,24.5533333333333
"fabp4","1umtpa",1,22.2766666666667
"fabp4","1umtpa",2,25.1133333333333
"fabp4","20umdeha",1,21.4766666666667
"fabp4","20umdeha",2,24.3433333333333
"fabp4","20umdeha",7,23.14
"fabp4","20umdeha",11,21.63
"fabp4","20umdehtp",1,22.3766666666667
"fabp4","20umdehtp",2,25.1166666666667
"fabp4","20umdehtp",3,24.8633333333333
"fabp4","20umdehtp",11,22.3266666666667
"fabp4","20ummecptp",11,22.0166666666667
"fabp4","20ummeha",4,24.1133333333333
"fabp4","20ummeha",5,23.12
"fabp4","20ummeha",6,23.1366666666667
"fabp4","20ummeha",8,22.9933333333333
"fabp4","20ummeha",9,21.4833333333333
"fabp4","20ummeha",10,19.47
"fabp4","20ummehp",3,20.2366666666667
"fabp4","20ummehp",4,20.89
"fabp4","20ummehp",5,20.5533333333333
"fabp4","20ummehp",8,20.6133333333333
"fabp4","20ummehp",9,19.1666666666667
"fabp4","20ummehp",10,18.3233333333333
"fabp4","20ummehtp",3,22.0666666666667
"fabp4","20ummehtp",4,22.7733333333333
"fabp4","20ummehtp",5,23.41
"fabp4","20ummehtp",8,21.47
"fabp4","20ummehtp",9,20.28
"fabp4","20ummehtp",10,18.7933333333333
"fabp4","20umtpa",1,22.24
"fabp4","20umtpa",2,25
"fabp4","50umdeha",11,22.0666666666667
"fabp4","50umdehtp",11,22.42
"fabp4","50ummecptp",11,21.61
"fabp4","50ummeha",8,22.43
"fabp4","50ummeha",9,20.2366666666667
"fabp4","50ummeha",10,18.9433333333333
"fabp4","50ummehp",8,18.6633333333333
"fabp4","50ummehp",9,17.8233333333333
"fabp4","50ummehp",10,18.04
"fabp4","50ummehtp",8,21.8966666666667
"fabp4","50ummehtp",9,19.6233333333333
"fabp4","50ummehtp",10,17.4
"fabp4","mi",1,21.9383333333333
"fabp4","mi",2,25.4675
"fabp4","mi",3,24.785
"fabp4","mi",4,25.33
"fabp4","mi",5,24.6958333333333
"fabp4","mi",6,24.9316666666667
"fabp4","mi",7,23.9266666666667
"fabp4","mi",8,24.2825
"fabp4","mi",9,22.74
"fabp4","mi",10,21.3366666666667
"fabp4","mi",11,22.6433333333333
"fabp4","mid",1,17.9566666666667
"fabp4","mid",2,18.2733333333333
"fabp4","mid",3,19.0666666666667
"fabp4","mid",4,19.22
"fabp4","mid",5,19.5366666666667
"fabp4","mid",6,18.9233333333333
"fabp4","mid",7,18.78
"fabp4","mid",8,18.8366666666667
"fabp4","mid",9,19.1666666666667
"fabp4","mid",10,19.0166666666667
"fabp4","mid",11,18.9866666666667
"fabp4","mie",1,20.12
"fabp4","mie",2,25.2666666666667
"fabp4","mie",3,24.13
"fabp4","mie",4,25.75
"fabp4","mie",5,23.7466666666667
"fabp4","mie",6,24.6933333333333
"fabp4","mie",7,22.6333333333333
"fabp4","mie",8,23.92
"fabp4","mie",9,22.3733333333333
"fabp4","mie",10,21.1966666666667
"fabp4","mie",11,22.5466666666667
"fabp4","mir",1,17.5266666666667
"fabp4","mir",2,18.8433333333333
"fabp4","mir",3,18.93
"fabp4","mir",4,19.3733333333333
"fabp4","mir",5,18.8666666666667
"fabp4","mir",6,19.4166666666667
"fabp4","mir",7,17.7366666666667
"fabp4","mir",8,18.9466666666667
"fabp4","mir",9,17.7633333333333
"fabp4","mir",10,18.2366666666667
"fabp4","mir",11,17.9333333333333
"fasn","0.01ummeha",4,23.93
"fasn","0.01ummeha",5,24.31
"fasn","0.01ummeha",6,23.4633333333333
"fasn","0.01ummehp",3,24.0433333333333
"fasn","0.01ummehp",4,24.67
"fasn","0.01ummehp",5,23.5
"fasn","0.01ummehtp",3,23.8766666666667
"fasn","0.01ummehtp",4,24.9066666666667
"fasn","0.01ummehtp",5,23.4933333333333
"fasn","0.1ummeha",4,23.9033333333333
"fasn","0.1ummeha",5,24.1733333333333
"fasn","0.1ummeha",6,23.27
"fasn","0.1ummehp",3,23.5133333333333
"fasn","0.1ummehp",4,24.5433333333333
"fasn","0.1ummehp",5,23.2633333333333
"fasn","0.1ummehtp",3,23.8866666666667
"fasn","0.1ummehtp",4,24.7566666666667
"fasn","0.1ummehtp",5,23.4433333333333
"fasn","100umdeha",11,23.09
"fasn","100umdehtp",11,23.4166666666667
"fasn","100ummecptp",11,23.02
"fasn","100ummeha",8,22.3866666666667
"fasn","100ummeha",9,22.19
"fasn","100ummeha",10,21.92
"fasn","100ummehp",8,22.6566666666667
"fasn","100ummehp",9,23.6233333333333
"fasn","100ummehp",10,23.1566666666667
"fasn","100ummehtp",8,22.5866666666667
"fasn","100ummehtp",9,22.27
"fasn","100ummehtp",10,21.77
"fasn","100umretinoicacid",8,23.33
"fasn","100umretinoicacid",9,24.1233333333333
"fasn","100umretinoicacid",10,23.0033333333333
"fasn","10ummecptp",11,23.4666666666667
"fasn","10ummeha",4,23.52
"fasn","10ummeha",5,24.1666666666667
"fasn","10ummeha",6,23.08
"fasn","10ummehp",3,23.1133333333333
"fasn","10ummehp",4,24.08
"fasn","10ummehp",5,22.47
"fasn","10ummehtp",3,23.4066666666667
"fasn","10ummehtp",4,24.5766666666667
"fasn","10ummehtp",5,23.1666666666667
"fasn","1ummeha",4,23.68
"fasn","1ummeha",5,24.1233333333333
"fasn","1ummeha",6,23.3566666666667
"fasn","1ummehp",3,23.4233333333333
"fasn","1ummehp",4,24.54
"fasn","1ummehp",5,23.4
"fasn","1ummehtp",3,23.4866666666667
"fasn","1ummehtp",4,24.88
"fasn","1ummehtp",5,23.7033333333333
"fasn","20umdeha",11,23.5933333333333
"fasn","20umdehtp",11,23.57
"fasn","20ummecptp",11,23.4433333333333
"fasn","20ummeha",4,23.93
"fasn","20ummeha",5,23.8033333333333
"fasn","20ummeha",6,23.0366666666667
"fasn","20ummeha",8,23.1333333333333
"fasn","20ummeha",9,23.0066666666667
"fasn","20ummeha",10,22.4166666666667
"fasn","20ummehp",3,22.2
"fasn","20ummehp",4,23.0833333333333
"fasn","20ummehp",5,22.1866666666667
"fasn","20ummehp",8,23.15
"fasn","20ummehp",9,22.04
"fasn","20ummehp",10,21.8733333333333
"fasn","20ummehtp",3,22.9766666666667
"fasn","20ummehtp",4,25.0433333333333
"fasn","20ummehtp",5,23.1033333333333
"fasn","20ummehtp",8,23
"fasn","20ummehtp",9,22.4866666666667
"fasn","20ummehtp",10,21.42
"fasn","50umdeha",11,23.1333333333333
"fasn","50umdehtp",11,23.3566666666667
"fasn","50ummecptp",11,23.2433333333333
"fasn","50ummeha",8,22.57
"fasn","50ummeha",9,22.5933333333333
"fasn","50ummeha",10,22.1266666666667
"fasn","50ummehp",8,22.6233333333333
"fasn","50ummehp",9,22.43
"fasn","50ummehp",10,22.7333333333333
"fasn","50ummehtp",8,23.0533333333333
"fasn","50ummehtp",9,22.3333333333333
"fasn","50ummehtp",10,21.2333333333333
"fasn","mi",3,24.0344444444444
"fasn","mi",4,24.37
"fasn","mi",5,24.1666666666667
"fasn","mi",6,23.9766666666667
"fasn","mi",8,23.9233333333333
"fasn","mi",9,23.5366666666667
"fasn","mi",10,23.2066666666667
"fasn","mi",11,23.53
"fasn","mid",3,22.06
"fasn","mid",4,21.82
"fasn","mid",5,22.5433333333333
"fasn","mid",6,22.1233333333333
"fasn","mid",8,21.5466666666667
"fasn","mid",9,23.14
"fasn","mid",10,22.8833333333333
"fasn","mid",11,22.8433333333333
"fasn","mie",3,23.69
"fasn","mie",4,23.73
"fasn","mie",5,23.9866666666667
"fasn","mie",6,24.2133333333333
"fasn","mie",8,23.3033333333333
"fasn","mie",9,23.3966666666667
"fasn","mie",10,23.3066666666667
"fasn","mie",11,23.4866666666667
"fasn","mir",3,21.1933333333333
"fasn","mir",4,21.24
"fasn","mir",5,21.5766666666667
"fasn","mir",6,22.2466666666667
"fasn","mir",8,20.8133333333333
"fasn","mir",9,21.59
"fasn","mir",10,22.0133333333333
"fasn","mir",11,21.6933333333333
"klf2","0.01umdeha",1,24.6833333333333
"klf2","0.01umdehtp",1,24.9966666666667
"klf2","0.01ummeha",4,25.2533333333333
"klf2","0.01ummeha",5,24.8833333333333
"klf2","0.01ummeha",6,25.1566666666667
"klf2","0.01ummehp",3,25.1466666666667
"klf2","0.01ummehp",4,25.3133333333333
"klf2","0.01ummehp",5,25.19
"klf2","0.01ummehtp",3,25.2733333333333
"klf2","0.01ummehtp",4,25.3466666666667
"klf2","0.01ummehtp",5,25.0533333333333
"klf2","0.1umdeha",1,24.86
"klf2","0.1umdehtp",1,25.09
"klf2","0.1ummeha",4,25.1533333333333
"klf2","0.1ummeha",5,24.7833333333333
"klf2","0.1ummeha",6,24.9233333333333
"klf2","0.1ummehp",3,25.06
"klf2","0.1ummehp",4,25.1733333333333
"klf2","0.1ummehp",5,24.9833333333333
"klf2","0.1ummehtp",3,24.9933333333333
"klf2","0.1ummehtp",4,25.0966666666667
"klf2","0.1ummehtp",5,25.03
"klf2","100umdeha",11,25.2633333333333
"klf2","100umdehtp",11,25.64
"klf2","100ummecptp",11,25.4766666666667
"klf2","100ummeha",8,24.7066666666667
"klf2","100ummeha",9,25.39
"klf2","100ummeha",10,25.89
"klf2","100ummehp",8,26.04
"klf2","100ummehp",9,25.5233333333333
"klf2","100ummehp",10,25.7
"klf2","100ummehtp",8,25.33
"klf2","100ummehtp",9,25.7866666666667
"klf2","100ummehtp",10,26.1533333333333
"klf2","100umretinoicacid",8,24.9766666666667
"klf2","100umretinoicacid",9,25.71
"klf2","100umretinoicacid",10,25.1866666666667
"klf2","10umdeha",1,24.5133333333333
"klf2","10umdehtp",1,25.1833333333333
"klf2","10ummecptp",11,25.69
"klf2","10ummeha",4,25.1533333333333
"klf2","10ummeha",5,24.8666666666667
"klf2","10ummeha",6,25.0233333333333
"klf2","10ummehp",3,25.3166666666667
"klf2","10ummehp",4,25.1533333333333
"klf2","10ummehp",5,25.1366666666667
"klf2","10ummehtp",3,25.3333333333333
"klf2","10ummehtp",4,25.14
"klf2","10ummehtp",5,25.0933333333333
"klf2","1umdeha",1,24.62
"klf2","1umdehtp",1,24.78
"klf2","1ummeha",4,25.2366666666667
"klf2","1ummeha",5,24.72
"klf2","1ummeha",6,25.1766666666667
"klf2","1ummehp",3,25.1466666666667
"klf2","1ummehp",4,25.2166666666667
"klf2","1ummehp",5,25.2166666666667
"klf2","1ummehtp",3,25.0666666666667
"klf2","1ummehtp",4,25.1
"klf2","1ummehtp",5,25.1066666666667
"klf2","20umdeha",1,24.84
"klf2","20umdeha",11,25.5866666666667
"klf2","20umdehtp",1,25
"klf2","20umdehtp",11,25.5833333333333
"klf2","20ummecptp",11,25.41
"klf2","20ummeha",8,24.5233333333333
"klf2","20ummeha",9,25.1366666666667
"klf2","20ummeha",10,25.24
"klf2","20ummehp",8,24.7433333333333
"klf2","20ummehp",9,25.6166666666667
"klf2","20ummehp",10,25.7933333333333
"klf2","20ummehtp",8,24.7666666666667
"klf2","20ummehtp",9,25.2266666666667
"klf2","20ummehtp",10,25.47
"klf2","50umdeha",11,25.2766666666667
"klf2","50umdehtp",11,25.4833333333333
"klf2","50ummecptp",11,25.3066666666667
"klf2","50ummeha",8,24.8333333333333
"klf2","50ummeha",9,25.3
"klf2","50ummeha",10,25.4833333333333
"klf2","50ummehp",8,26.0666666666667
"klf2","50ummehp",9,25.7366666666667
"klf2","50ummehp",10,25.6633333333333
"klf2","50ummehtp",8,25.4233333333333
"klf2","50ummehtp",9,25.7166666666667
"klf2","50ummehtp",10,25.9533333333333
"klf2","mi",1,24.9688888888889
"klf2","mi",3,25.46
"klf2","mi",4,25.29
"klf2","mi",5,25.2208333333333
"klf2","mi",6,25.35
"klf2","mi",8,24.5541666666667
"klf2","mi",9,25.31
"klf2","mi",10,25.3358333333333
"klf2","mi",11,25.7722222222222
"klf2","mid",1,25.69
"klf2","mid",3,26.21
"klf2","mid",4,26.6266666666667
"klf2","mid",5,25.7133333333333
"klf2","mid",6,26.26
"klf2","mid",8,25.8833333333333
"klf2","mid",9,26.11
"klf2","mid",10,26.1333333333333
"klf2","mid",11,25.9166666666667
"klf2","mie",1,24.9766666666667
"klf2","mie",3,25.3533333333333
"klf2","mie",4,25.25
"klf2","mie",5,24.88
"klf2","mie",6,25.3233333333333
"klf2","mie",8,24.7733333333333
"klf2","mie",9,25.6033333333333
"klf2","mie",10,25.3633333333333
"klf2","mie",11,25.54
"klf2","mir",1,25.6866666666667
"klf2","mir",3,26.09
"klf2","mir",4,26.2133333333333
"klf2","mir",5,25.7166666666667
"klf2","mir",6,25.4866666666667
"klf2","mir",8,25.93
"klf2","mir",9,26.4433333333333
"klf2","mir",10,26.04
"klf2","mir",11,25.8066666666667
"lpl","0.01umdeha",1,21.3333333333333
"lpl","0.01umdeha",2,21.6266666666667
"lpl","0.01umdeha",7,21.26
"lpl","0.01umdehtp",1,21.15
"lpl","0.01umdehtp",2,21.8966666666667
"lpl","0.01umdehtp",3,21.72
"lpl","0.01ummeha",4,22.12
"lpl","0.01ummeha",5,21.5866666666667
"lpl","0.01ummeha",6,21.8833333333333
"lpl","0.01ummehp",3,21.9133333333333
"lpl","0.01ummehp",4,22.15
"lpl","0.01ummehp",5,21.81
"lpl","0.01ummehtp",3,21.4833333333333
"lpl","0.01ummehtp",4,21.54
"lpl","0.01ummehtp",5,21.3266666666667
"lpl","0.01umtpa",1,21.27
"lpl","0.01umtpa",2,21.7866666666667
"lpl","0.1umdeha",1,21.1866666666667
"lpl","0.1umdeha",2,21.8166666666667
"lpl","0.1umdeha",7,21.3033333333333
"lpl","0.1umdehtp",1,21.3533333333333
"lpl","0.1umdehtp",2,21.7233333333333
"lpl","0.1umdehtp",3,21.6266666666667
"lpl","0.1ummeha",4,21.8333333333333
"lpl","0.1ummeha",5,21.47
"lpl","0.1ummeha",6,21.62
"lpl","0.1ummehp",3,22
"lpl","0.1ummehp",4,21.9566666666667
"lpl","0.1ummehp",5,21.8433333333333
"lpl","0.1ummehtp",3,21.32
"lpl","0.1ummehtp",4,21.1966666666667
"lpl","0.1ummehtp",5,21.3066666666667
"lpl","0.1umtpa",1,21.1333333333333
"lpl","0.1umtpa",2,21.45
"lpl","100umdeha",11,21.0333333333333
"lpl","100umdehtp",11,21.2
"lpl","100ummecptp",11,20.4366666666667
"lpl","100ummeha",8,19.7766666666667
"lpl","100ummeha",9,19.4266666666667
"lpl","100ummeha",10,18.6
"lpl","100ummehp",8,18.3566666666667
"lpl","100ummehp",9,19.54
"lpl","100ummehp",10,19.2433333333333
"lpl","100ummehtp",8,19.81
"lpl","100ummehtp",9,19.72
"lpl","100ummehtp",10,18.52
"lpl","100umretinoicacid",8,21.7233333333333
"lpl","100umretinoicacid",9,21.6733333333333
"lpl","100umretinoicacid",10,20.1566666666667
"lpl","10umdeha",1,20.9133333333333
"lpl","10umdeha",2,21.7333333333333
"lpl","10umdeha",7,20.7433333333333
"lpl","10umdehtp",1,21.2666666666667
"lpl","10umdehtp",2,21.4833333333333
"lpl","10umdehtp",3,21.38
"lpl","10ummecptp",11,21.11
"lpl","10ummeha",4,21.8366666666667
"lpl","10ummeha",5,21.49
"lpl","10ummeha",6,21.6666666666667
"lpl","10ummehp",3,21.0733333333333
"lpl","10ummehp",4,21.2366666666667
"lpl","10ummehp",5,20.7066666666667
"lpl","10ummehtp",3,21.3533333333333
"lpl","10ummehtp",4,21.21
"lpl","10ummehtp",5,21.32
"lpl","10umtpa",1,21.1966666666667
"lpl","10umtpa",2,21.67
"lpl","1umdeha",1,21.16
"lpl","1umdeha",2,21.7
"lpl","1umdeha",7,21.0233333333333
"lpl","1umdehtp",1,21.1266666666667
"lpl","1umdehtp",2,21.7333333333333
"lpl","1umdehtp",3,21.58
"lpl","1ummeha",4,21.84
"lpl","1ummeha",5,21.4466666666667
"lpl","1ummeha",6,21.8133333333333
"lpl","1ummehp",3,21.6233333333333
"lpl","1ummehp",4,21.8
"lpl","1ummehp",5,21.5566666666667
"lpl","1ummehtp",3,21.33
"lpl","1ummehtp",4,21.0966666666667
"lpl","1ummehtp",5,21.2066666666667
"lpl","1umtpa",1,20.7366666666667
"lpl","1umtpa",2,21.8
"lpl","20umdeha",1,21.05
"lpl","20umdeha",2,21.5433333333333
"lpl","20umdeha",7,21.0566666666667
"lpl","20umdeha",11,21.1333333333333
"lpl","20umdehtp",1,21.3866666666667
"lpl","20umdehtp",2,21.5333333333333
"lpl","20umdehtp",3,21.7033333333333
"lpl","20umdehtp",11,21.1766666666667
"lpl","20ummecptp",11,20.8966666666667
"lpl","20ummeha",4,22.01
"lpl","20ummeha",5,21.2666666666667
"lpl","20ummeha",6,21.62
"lpl","20ummeha",8,20.5166666666667
"lpl","20ummeha",9,20.74
"lpl","20ummeha",10,19.84
"lpl","20ummehp",3,20.2866666666667
"lpl","20ummehp",4,20.3633333333333
"lpl","20ummehp",5,20.3333333333333
"lpl","20ummehp",8,19.5766666666667
"lpl","20ummehp",9,19.4666666666667
"lpl","20ummehp",10,19.2033333333333
"lpl","20ummehtp",3,20.91
"lpl","20ummehtp",4,21.0666666666667
"lpl","20ummehtp",5,21.3533333333333
"lpl","20ummehtp",8,20.2766666666667
"lpl","20ummehtp",9,20.3533333333333
"lpl","20ummehtp",10,19.5066666666667
"lpl","20umtpa",1,21.1866666666667
"lpl","20umtpa",2,21.46
"lpl","50umdeha",11,20.9733333333333
"lpl","50umdehtp",11,21.21
"lpl","50ummecptp",11,20.7766666666667
"lpl","50ummeha",8,20.2833333333333
"lpl","50ummeha",9,20.2
"lpl","50ummeha",10,19.14
"lpl","50ummehp",8,18.4133333333333
"lpl","50ummehp",9,19.3666666666667
"lpl","50ummehp",10,19.0466666666667
"lpl","50ummehtp",8,20.4166666666667
"lpl","50ummehtp",9,20.2933333333333
"lpl","50ummehtp",10,18.44
"lpl","mi",1,20.9966666666667
"lpl","mi",2,21.7925
"lpl","mi",3,21.7541666666667
"lpl","mi",4,21.8875
"lpl","mi",5,21.5883333333333
"lpl","mi",6,21.7483333333333
"lpl","mi",7,21.0516666666667
"lpl","mi",8,20.6216666666667
"lpl","mi",9,21.19
"lpl","mi",10,20.8608333333333
"lpl","mi",11,21.4022222222222
"lpl","mid",1,18.6366666666667
"lpl","mid",2,18.69
"lpl","mid",3,18.7433333333333
"lpl","mid",4,19.0766666666667
"lpl","mid",5,18.47
"lpl","mid",6,18.4633333333333
"lpl","mid",7,17.7066666666667
"lpl","mid",8,18.1933333333333
"lpl","mid",9,18.9833333333333
"lpl","mid",10,19.04
"lpl","mid",11,18.66
"lpl","mie",1,20.31
"lpl","mie",2,21.7433333333333
"lpl","mie",3,21.77
"lpl","mie",4,22.09
"lpl","mie",5,21.1633333333333
"lpl","mie",6,21.5066666666667
"lpl","mie",7,20.42
"lpl","mie",8,20.6533333333333
"lpl","mie",9,20.9266666666667
"lpl","mie",10,20.5833333333333
"lpl","mie",11,21.1033333333333
"lpl","mir",1,18.5
"lpl","mir",2,18.98
"lpl","mir",3,18.66
"lpl","mir",4,19.1333333333333
"lpl","mir",5,18.1066666666667
"lpl","mir",6,19.0833333333333
"lpl","mir",7,17.5766666666667
"lpl","mir",8,18.1366666666667
"lpl","mir",9,18.8033333333333
"lpl","mir",10,18.5633333333333
"lpl","mir",11,18.3266666666667
"plin","0.01umdeha",1,29.8166666666667
"plin","0.01umdeha",2,31.1166666666667
"plin","0.01umdeha",7,27.7233333333333
"plin","0.01umdehtp",1,28.97
"plin","0.01umdehtp",2,31.9366666666667
"plin","0.01umdehtp",3,28.8766666666667
"plin","0.01ummeha",4,30.11
"plin","0.01ummeha",5,28.53
"plin","0.01ummeha",6,29.9433333333333
"plin","0.01ummehp",3,28.5333333333333
"plin","0.01ummehp",4,29.8933333333333
"plin","0.01ummehp",5,28.42
"plin","0.01ummehtp",3,27.7366666666667
"plin","0.01ummehtp",4,28.61
"plin","0.01ummehtp",5,28.0533333333333
"plin","0.01umtpa",1,29.2633333333333
"plin","0.01umtpa",2,30.79
"plin","0.1umdeha",1,30.1333333333333
"plin","0.1umdeha",2,31.1966666666667
"plin","0.1umdeha",7,27.6733333333333
"plin","0.1umdehtp",1,29.5633333333333
"plin","0.1umdehtp",2,30.5733333333333
"plin","0.1umdehtp",3,28.73
"plin","0.1ummeha",4,29.84
"plin","0.1ummeha",5,28.7066666666667
"plin","0.1ummeha",6,29.9133333333333
"plin","0.1ummehp",3,28.52
"plin","0.1ummehp",4,28.9766666666667
"plin","0.1ummehp",5,28.22
"plin","0.1ummehtp",3,28.1933333333333
"plin","0.1ummehtp",4,27.9533333333333
"plin","0.1ummehtp",5,27.8366666666667
"plin","0.1umtpa",1,29.4766666666667
"plin","0.1umtpa",2,30.8533333333333
"plin","100umdeha",11,27.3366666666667
"plin","100umdehtp",11,27.4633333333333
"plin","100ummecptp",11,26.3266666666667
"plin","100ummeha",8,25.79
"plin","100ummeha",9,24.4533333333333
"plin","100ummeha",10,23.87
"plin","100ummehp",8,23.97
"plin","100ummehp",9,24.3733333333333
"plin","100ummehp",10,23.62
"plin","100ummehtp",8,25.5733333333333
"plin","100ummehtp",9,24.46
"plin","100ummehtp",10,23.35
"plin","100umretinoicacid",8,29.1133333333333
"plin","100umretinoicacid",9,29.3933333333333
"plin","100umretinoicacid",10,25.16
"plin","10umdeha",1,28.33
"plin","10umdeha",2,31.33
"plin","10umdeha",7,26.8366666666667
"plin","10umdehtp",1,29.9633333333333
"plin","10umdehtp",2,30.8666666666667
"plin","10umdehtp",3,28.5533333333333
"plin","10ummecptp",11,26.8866666666667
"plin","10ummeha",4,29.7366666666667
"plin","10ummeha",5,29.0366666666667
"plin","10ummeha",6,29.2533333333333
"plin","10ummehp",3,26.7666666666667
"plin","10ummehp",4,27.1866666666667
"plin","10ummehp",5,25.9366666666667
"plin","10ummehtp",3,26.7333333333333
"plin","10ummehtp",4,27.4166666666667
"plin","10ummehtp",5,27.6
"plin","10umtpa",1,29.92
"plin","10umtpa",2,31.4933333333333
"plin","1umdeha",1,29.55
"plin","1umdeha",2,30.77
"plin","1umdeha",7,27.0966666666667
"plin","1umdehtp",1,29.5433333333333
"plin","1umdehtp",2,30.2066666666667
"plin","1umdehtp",3,28.2666666666667
"plin","1ummeha",4,29.4833333333333
"plin","1ummeha",5,29.0733333333333
"plin","1ummeha",6,29.3933333333333
"plin","1ummehp",3,27.3733333333333
"plin","1ummehp",4,29.2966666666667
"plin","1ummehp",5,28.0633333333333
"plin","1ummehtp",3,27.1466666666667
"plin","1ummehtp",4,27.58
"plin","1ummehtp",5,27.7566666666667
"plin","1umtpa",1,27.8233333333333
"plin","1umtpa",2,31.0466666666667
"plin","20umdeha",1,29.77
"plin","20umdeha",2,30.1333333333333
"plin","20umdeha",7,27.1066666666667
"plin","20umdeha",11,27.2933333333333
"plin","20umdehtp",1,30.0233333333333
"plin","20umdehtp",2,30.83
"plin","20umdehtp",3,28.3433333333333
"plin","20umdehtp",11,27.48
"plin","20ummecptp",11,27.14
"plin","20ummeha",4,29.3
"plin","20ummeha",5,27.78
"plin","20ummeha",6,28.3233333333333
"plin","20ummeha",8,27.4066666666667
"plin","20ummeha",9,26.3266666666667
"plin","20ummeha",10,24.79
"plin","20ummehp",3,25.11
"plin","20ummehp",4,25.4566666666667
"plin","20ummehp",5,25.5233333333333
"plin","20ummehp",8,26.05
"plin","20ummehp",9,24.1433333333333
"plin","20ummehp",10,24.1933333333333
"plin","20ummehtp",3,25.9833333333333
"plin","20ummehtp",4,26.2
"plin","20ummehtp",5,27.0766666666667
"plin","20ummehtp",8,26.98
"plin","20ummehtp",9,26.1966666666667
"plin","20ummehtp",10,24.2666666666667
"plin","20umtpa",1,29.5466666666667
"plin","20umtpa",2,30.83
"plin","50umdeha",11,27.1433333333333
"plin","50umdehtp",11,27.71
"plin","50ummecptp",11,27.19
"plin","50ummeha",8,26.5333333333333
"plin","50ummeha",9,25.4833333333333
"plin","50ummeha",10,24.15
"plin","50ummehp",8,24.82
"plin","50ummehp",9,23.71
"plin","50ummehp",10,23.8766666666667
"plin","50ummehtp",8,26.8
"plin","50ummehtp",9,25.13
"plin","50ummehtp",10,23.6766666666667
"plin","mi",1,28.3008333333333
"plin","mi",2,31.0091666666667
"plin","mi",3,28.52
"plin","mi",4,29.3866666666667
"plin","mi",5,28.3833333333333
"plin","mi",6,29.315
"plin","mi",7,27.175
"plin","mi",8,29.08
"plin","mi",9,27.8333333333333
"plin","mi",10,26.2375
"plin","mi",11,27.8422222222222
"plin","mid",1,24.9166666666667
"plin","mid",2,23.9933333333333
"plin","mid",3,23.9633333333333
"plin","mid",4,23.6433333333333
"plin","mid",5,23.1
"plin","mid",6,23.1266666666667
"plin","mid",7,22.63
"plin","mid",8,23.8233333333333
"plin","mid",9,24.76
"plin","mid",10,23.8633333333333
"plin","mid",11,23.95
"plin","mie",1,27.49
"plin","mie",2,31.0166666666667
"plin","mie",3,27.7533333333333
"plin","mie",4,29.5833333333333
"plin","mie",5,27.0933333333333
"plin","mie",6,28.3966666666667
"plin","mie",7,26.25
"plin","mie",8,28.2033333333333
"plin","mie",9,27.1933333333333
"plin","mie",10,26.4033333333333
"plin","mie",11,27.5466666666667
"plin","mir",1,24.6566666666667
"plin","mir",2,24.3533333333333
"plin","mir",3,23.3433333333333
"plin","mir",4,23.7566666666667
"plin","mir",5,22.48
"plin","mir",6,23.6
"plin","mir",7,21.7233333333333
"plin","mir",8,23.65
"plin","mir",9,24.2566666666667
"plin","mir",10,23.29
"plin","mir",11,23.2633333333333
"ppara","0.01umdeha",7,33.7066666666667
"ppara","0.1umdeha",7,33.9333333333333
"ppara","10umdeha",7,33.5666666666667
"ppara","1umdeha",7,33.42
"ppara","20umdeha",7,33.4066666666667
"ppara","mi",7,33.6933333333333
"ppara","mid",7,28.01
"ppara","mie",7,32.7566666666667
"ppara","mir",7,29.8133333333333
"pparg","0.01umdeha",1,25.13
"pparg","0.01umdeha",2,25.69
"pparg","0.01umdeha",7,24.3366666666667
"pparg","0.01umdehtp",1,25.76
"pparg","0.01umdehtp",2,25.6866666666667
"pparg","0.01umdehtp",3,24.93
"pparg","0.01ummeha",4,25.9766666666667
"pparg","0.01ummeha",5,25.4
"pparg","0.01ummeha",6,25.62
"pparg","0.01ummehp",3,24.8966666666667
"pparg","0.01ummehp",4,25.34
"pparg","0.01ummehp",5,24.9766666666667
"pparg","0.01ummehtp",3,25.5
"pparg","0.01ummehtp",4,26.0533333333333
"pparg","0.01ummehtp",5,25.5133333333333
"pparg","0.1umdeha",1,24.91
"pparg","0.1umdeha",2,25.81
"pparg","0.1umdeha",7,24.54
"pparg","0.1umdehtp",1,26.18
"pparg","0.1umdehtp",2,25.5866666666667
"pparg","0.1umdehtp",3,24.69
"pparg","0.1ummeha",4,25.9433333333333
"pparg","0.1ummeha",5,25.3233333333333
"pparg","0.1ummeha",6,25.78
"pparg","0.1ummehp",3,24.77
"pparg","0.1ummehp",4,25.14
"pparg","0.1ummehp",5,24.9566666666667
"pparg","0.1ummehtp",3,25.6666666666667
"pparg","0.1ummehtp",4,25.6933333333333
"pparg","0.1ummehtp",5,25.6466666666667
"pparg","100umdeha",11,24.1466666666667
"pparg","100umdehtp",11,24.0966666666667
"pparg","100ummecptp",11,23.5033333333333
"pparg","100ummeha",8,24.3033333333333
"pparg","100ummeha",9,23.6733333333333
"pparg","100ummeha",10,22.7233333333333
"pparg","100ummehp",8,23.4133333333333
"pparg","100ummehp",9,23.37
"pparg","100ummehp",10,22.9633333333333
"pparg","100ummehtp",8,24.92
"pparg","100ummehtp",9,24.3733333333333
"pparg","100ummehtp",10,23.26
"pparg","100umretinoicacid",8,25.15
"pparg","100umretinoicacid",9,26.13
"pparg","100umretinoicacid",10,24.2266666666667
"pparg","10umdeha",1,24.77
"pparg","10umdeha",2,25.76
"pparg","10umdeha",7,24.1533333333333
"pparg","10umdehtp",1,26.0433333333333
"pparg","10umdehtp",2,25.31
"pparg","10umdehtp",3,24.51
"pparg","10ummecptp",11,23.4666666666667
"pparg","10ummeha",4,26.0933333333333
"pparg","10ummeha",5,25.4533333333333
"pparg","10ummeha",6,25.8233333333333
"pparg","10ummehp",3,24.1133333333333
"pparg","10ummehp",4,24.7466666666667
"pparg","10ummehp",5,24.09
"pparg","10ummehtp",3,25.7833333333333
"pparg","10ummehtp",4,26.0133333333333
"pparg","10ummehtp",5,25.81
"pparg","1umdeha",1,25.0766666666667
"pparg","1umdeha",2,25.8266666666667
"pparg","1umdeha",7,24.2033333333333
"pparg","1umdehtp",1,25.57
"pparg","1umdehtp",2,25.6
"pparg","1umdehtp",3,24.6166666666667
"pparg","1ummeha",4,25.9833333333333
"pparg","1ummeha",5,25.3566666666667
"pparg","1ummeha",6,25.3633333333333
"pparg","1ummehp",3,24.4966666666667
"pparg","1ummehp",4,25.15
"pparg","1ummehp",5,24.8566666666667
"pparg","1ummehtp",3,25.2166666666667
"pparg","1ummehtp",4,25.4866666666667
"pparg","1ummehtp",5,25.3366666666667
"pparg","20umdeha",1,25.0466666666667
"pparg","20umdeha",2,25.5466666666667
"pparg","20umdeha",7,24.22
"pparg","20umdeha",11,24.0533333333333
"pparg","20umdehtp",1,25.5466666666667
"pparg","20umdehtp",2,25.5766666666667
"pparg","20umdehtp",3,24.96
"pparg","20umdehtp",11,24.2133333333333
"pparg","20ummecptp",11,23.81
"pparg","20ummeha",4,26.2066666666667
"pparg","20ummeha",5,25.29
"pparg","20ummeha",6,25.4333333333333
"pparg","20ummeha",8,25.02
"pparg","20ummeha",9,24.82
"pparg","20ummeha",10,23.5433333333333
"pparg","20ummehp",3,23.5
"pparg","20ummehp",4,24.16
"pparg","20ummehp",5,23.89
"pparg","20ummehp",8,24.3666666666667
"pparg","20ummehp",9,23.52
"pparg","20ummehp",10,23.05
"pparg","20ummehtp",3,25.47
"pparg","20ummehtp",4,25.6833333333333
"pparg","20ummehtp",5,25.9133333333333
"pparg","20ummehtp",8,25.1433333333333
"pparg","20ummehtp",9,24.9533333333333
"pparg","20ummehtp",10,23.5433333333333
"pparg","50umdeha",11,23.93
"pparg","50umdehtp",11,24.2466666666667
"pparg","50ummecptp",11,23.7633333333333
"pparg","50ummeha",8,24.91
"pparg","50ummeha",9,24.28
"pparg","50ummeha",10,23.21
"pparg","50ummehp",8,23.48
"pparg","50ummehp",9,22.7833333333333
"pparg","50ummehp",10,22.96
"pparg","50ummehtp",8,25.1133333333333
"pparg","50ummehtp",9,24.4833333333333
"pparg","50ummehtp",10,23.0766666666667
"pparg","mi",1,24.9866666666667
"pparg","mi",2,25.6855555555556
"pparg","mi",3,25.1841666666667
"pparg","mi",4,25.6666666666667
"pparg","mi",5,25.5266666666667
"pparg","mi",6,25.8133333333333
"pparg","mi",7,24.3066666666667
"pparg","mi",8,25.4183333333333
"pparg","mi",9,25.1766666666667
"pparg","mi",10,24.1808333333333
"pparg","mi",11,24.1511111111111
"pparg","mid",1,21.43
"pparg","mid",2,22.1266666666667
"pparg","mid",3,21.6366666666667
"pparg","mid",4,21.92
"pparg","mid",5,22.1133333333333
"pparg","mid",6,22.24
"pparg","mid",7,21.0066666666667
"pparg","mid",8,22.3633333333333
"pparg","mid",9,22.5433333333333
"pparg","mid",10,22.07
"pparg","mid",11,21.28
"pparg","mie",1,24.1133333333333
"pparg","mie",2,25.3666666666667
"pparg","mie",3,24.97
"pparg","mie",4,25.2666666666667
"pparg","mie",5,25.1966666666667
"pparg","mie",6,25.43
"pparg","mie",7,23.79
"pparg","mie",8,25.0333333333333
"pparg","mie",9,24.8633333333333
"pparg","mie",10,23.96
"pparg","mie",11,24.01
"pparg","mir",1,21.8566666666667
"pparg","mir",2,22.9533333333333
"pparg","mir",3,22.1
"pparg","mir",4,22.6233333333333
"pparg","mir",5,22.7133333333333
"pparg","mir",6,23.7
"pparg","mir",7,21.3
"pparg","mir",8,22.97
"pparg","mir",9,22.64
"pparg","mir",10,22.08
"pparg","mir",11,21.27
"retn","0.01umdeha",1,26.48
"retn","0.01umdeha",2,28.8366666666667
"retn","0.01umdeha",7,26.38
"retn","0.01umdehtp",1,25.83
"retn","0.01umdehtp",2,28.72
"retn","0.01umdehtp",3,26.7166666666667
"retn","0.01ummeha",4,27.9566666666667
"retn","0.01ummeha",5,25.8466666666667
"retn","0.01ummeha",6,27.3966666666667
"retn","0.01ummehp",3,26.38
"retn","0.01ummehp",4,27.5266666666667
"retn","0.01ummehp",5,26.3
"retn","0.01ummehtp",3,26.94
"retn","0.01ummehtp",4,27.0866666666667
"retn","0.01ummehtp",5,26.8066666666667
"retn","0.1umdeha",1,26
"retn","0.1umdeha",2,29.7
"retn","0.1umdeha",7,26.1233333333333
"retn","0.1umdehtp",1,25.7733333333333
"retn","0.1umdehtp",2,28.41
"retn","0.1umdehtp",3,26.25
"retn","0.1ummeha",4,27.0833333333333
"retn","0.1ummeha",5,25.91
"retn","0.1ummeha",6,27.3733333333333
"retn","0.1ummehp",3,26.2833333333333
"retn","0.1ummehp",4,26.7166666666667
"retn","0.1ummehp",5,26.05
"retn","0.1ummehtp",3,26.77
"retn","0.1ummehtp",4,26.4233333333333
"retn","0.1ummehtp",5,26.5333333333333
"retn","100umdeha",11,24.8433333333333
"retn","100umdehtp",11,25.3066666666667
"retn","100ummecptp",11,24.26
"retn","100ummeha",8,24.37
"retn","100ummeha",9,22.96
"retn","100ummeha",10,21.1433333333333
"retn","100ummehp",8,22.6
"retn","100ummehp",9,24.13
"retn","100ummehp",10,23.6633333333333
"retn","100ummehtp",8,26.3166666666667
"retn","100ummehtp",9,25.8233333333333
"retn","100ummehtp",10,24.32
"retn","100umretinoicacid",8,27.2333333333333
"retn","100umretinoicacid",9,27.6766666666667
"retn","100umretinoicacid",10,24.5933333333333
"retn","10umdeha",1,25.5733333333333
"retn","10umdeha",2,28.2666666666667
"retn","10umdeha",7,24.8433333333333
"retn","10umdehtp",1,26.1366666666667
"retn","10umdehtp",2,28.16
"retn","10umdehtp",3,25.9933333333333
"retn","10ummecptp",11,24.65
"retn","10ummeha",4,26.7266666666667
"retn","10ummeha",5,25.74
"retn","10ummeha",6,26.5
"retn","10ummehp",3,24.38
"retn","10ummehp",4,25.4
"retn","10ummehp",5,24.1833333333333
"retn","10ummehtp",3,26.1733333333333
"retn","10ummehtp",4,26.51
"retn","10ummehtp",5,26.5066666666667
"retn","1umdeha",1,26.2466666666667
"retn","1umdeha",2,28.86
"retn","1umdeha",7,25.23
"retn","1umdehtp",1,26.57
"retn","1umdehtp",2,28.12
"retn","1umdehtp",3,25.76
"retn","1ummeha",4,26.82
"retn","1ummeha",5,26.1566666666667
"retn","1ummeha",6,26.7866666666667
"retn","1ummehp",3,25.3966666666667
"retn","1ummehp",4,26.8666666666667
"retn","1ummehp",5,26.1033333333333
"retn","1ummehtp",3,26.1666666666667
"retn","1ummehtp",4,25.8566666666667
"retn","1ummehtp",5,26.32
"retn","20umdeha",1,25.1033333333333
"retn","20umdeha",2,27.4333333333333
"retn","20umdeha",7,25.06
"retn","20umdeha",11,24.8666666666667
"retn","20umdehtp",1,26.08
"retn","20umdehtp",2,28.45
"retn","20umdehtp",3,26.4133333333333
"retn","20umdehtp",11,25.3566666666667
"retn","20ummecptp",11,24.8833333333333
"retn","20ummeha",4,26.45
"retn","20ummeha",5,25.1466666666667
"retn","20ummeha",6,25.9266666666667
"retn","20ummeha",8,25.3566666666667
"retn","20ummeha",9,24.5133333333333
"retn","20ummeha",10,22.3966666666667
"retn","20ummehp",3,23.5766666666667
"retn","20ummehp",4,24.5466666666667
"retn","20ummehp",5,24.0133333333333
"retn","20ummehp",8,23.8866666666667
"retn","20ummehp",9,22.9233333333333
"retn","20ummehp",10,21.74
"retn","20ummehtp",3,25.8733333333333
"retn","20ummehtp",4,26.3166666666667
"retn","20ummehtp",5,26.94
"retn","20ummehtp",8,24.92
"retn","20ummehtp",9,24.85
"retn","20ummehtp",10,22.5533333333333
"retn","50umdeha",11,24.6433333333333
"retn","50umdehtp",11,25.0866666666667
"retn","50ummecptp",11,24.5233333333333
"retn","50ummeha",8,25.3466666666667
"retn","50ummeha",9,23.5866666666667
"retn","50ummeha",10,21.8666666666667
"retn","50ummehp",8,22.29
"retn","50ummehp",9,22.2933333333333
"retn","50ummehp",10,22.23
"retn","50ummehtp",8,26.51
"retn","50ummehtp",9,24.8866666666667
"retn","50ummehtp",10,22.6033333333333
"retn","mi",1,25.1322222222222
"retn","mi",2,28.5322222222222
"retn","mi",3,26.5816666666667
"retn","mi",4,27.3458333333333
"retn","mi",5,26.3558333333333
"retn","mi",6,27.4016666666667
"retn","mi",7,25.805
"retn","mi",8,26.7341666666667
"retn","mi",9,25.7925
"retn","mi",10,23.8958333333333
"retn","mi",11,25.6222222222222
"retn","mid",1,21.2666666666667
"retn","mid",2,20.32
"retn","mid",3,20.4066666666667
"retn","mid",4,20.6166666666667
"retn","mid",5,20.5733333333333
"retn","mid",6,20.2233333333333
"retn","mid",7,20.3166666666667
"retn","mid",8,19.6833333333333
"retn","mid",9,21.7233333333333
"retn","mid",10,21.2266666666667
"retn","mid",11,21.3966666666667
"retn","mie",1,23.7233333333333
"retn","mie",2,28.47
"retn","mie",3,26.14
"retn","mie",4,27.88
"retn","mie",5,25.7566666666667
"retn","mie",6,27.2066666666667
"retn","mie",7,24.7666666666667
"retn","mie",8,26.3333333333333
"retn","mie",9,25.6266666666667
"retn","mie",10,24.0333333333333
"retn","mie",11,25.68
"retn","mir",1,21.7033333333333
"retn","mir",2,21.8066666666667
"retn","mir",3,21.0933333333333
"retn","mir",4,21.7633333333333
"retn","mir",5,20.9133333333333
"retn","mir",6,22.2933333333333
"retn","mir",7,20.0233333333333
"retn","mir",8,21.1233333333333
"retn","mir",9,21.4566666666667
"retn","mir",10,21.1066666666667
"retn","mir",11,21.0833333333333
"sox9","0.01umdeha",1,23.14
"sox9","0.01umdehtp",1,23.07
"sox9","0.01ummeha",4,22.9333333333333
"sox9","0.01ummeha",5,23.3733333333333
"sox9","0.01ummeha",6,23.2166666666667
"sox9","0.01ummehp",3,22.9833333333333
"sox9","0.01ummehp",4,23.59
"sox9","0.01ummehp",5,23.5566666666667
"sox9","0.01ummehtp",3,22.8233333333333
"sox9","0.01ummehtp",4,23.53
"sox9","0.01ummehtp",5,23.4566666666667
"sox9","0.1umdeha",1,23.12
"sox9","0.1umdehtp",1,23.8966666666667
"sox9","0.1ummeha",4,22.7066666666667
"sox9","0.1ummeha",5,23.38
"sox9","0.1ummeha",6,23.1833333333333
"sox9","0.1ummehp",3,22.7233333333333
"sox9","0.1ummehp",4,23.5633333333333
"sox9","0.1ummehp",5,23.5466666666667
"sox9","0.1ummehtp",3,22.6066666666667
"sox9","0.1ummehtp",4,23.4033333333333
"sox9","0.1ummehtp",5,23.5566666666667
"sox9","100umdeha",11,23.3566666666667
"sox9","100umdehtp",11,23.4133333333333
"sox9","100ummecptp",11,23.3
"sox9","100ummeha",8,22.58
"sox9","100ummeha",9,24.1533333333333
"sox9","100ummeha",10,24.65
"sox9","100ummehp",8,23.9833333333333
"sox9","100ummehp",9,24.7166666666667
"sox9","100ummehp",10,24.6133333333333
"sox9","100ummehtp",8,23.4833333333333
"sox9","100ummehtp",9,24.44
"sox9","100ummehtp",10,24.9666666666667
"sox9","100umretinoicacid",8,22.7633333333333
"sox9","100umretinoicacid",9,23.73
"sox9","100umretinoicacid",10,23.22
"sox9","10umdeha",1,22.9233333333333
"sox9","10umdehtp",1,23.5133333333333
"sox9","10ummecptp",11,23.3266666666667
"sox9","10ummeha",4,22.75
"sox9","10ummeha",5,23.6533333333333
"sox9","10ummeha",6,23.47
"sox9","10ummehp",3,23.2
"sox9","10ummehp",4,23.8833333333333
"sox9","10ummehp",5,24.1
"sox9","10ummehtp",3,23.1333333333333
"sox9","10ummehtp",4,23.9366666666667
"sox9","10ummehtp",5,23.89
"sox9","1umdeha",1,22.8766666666667
"sox9","1umdehtp",1,22.89
"sox9","1ummeha",4,22.8033333333333
"sox9","1ummeha",5,23.2633333333333
"sox9","1ummeha",6,23.29
"sox9","1ummehp",3,22.85
"sox9","1ummehp",4,23.6866666666667
"sox9","1ummehp",5,23.8366666666667
"sox9","1ummehtp",3,22.4966666666667
"sox9","1ummehtp",4,23.55
"sox9","1ummehtp",5,23.5033333333333
"sox9","20umdeha",1,23.6
"sox9","20umdeha",11,23.4666666666667
"sox9","20umdehtp",1,23.4
"sox9","20umdehtp",11,23.42
"sox9","20ummecptp",11,23.1833333333333
"sox9","20ummeha",8,22.07
"sox9","20ummeha",9,23.3766666666667
"sox9","20ummeha",10,23.6033333333333
"sox9","20ummehp",8,22.53
"sox9","20ummehp",9,24.1633333333333
"sox9","20ummehp",10,24.45
"sox9","20ummehtp",8,22.5033333333333
"sox9","20ummehtp",9,24.0366666666667
"sox9","20ummehtp",10,24.12
"sox9","50umdeha",11,23.4333333333333
"sox9","50umdehtp",11,23.7533333333333
"sox9","50ummecptp",11,23.3766666666667
"sox9","50ummeha",8,22.4033333333333
"sox9","50ummeha",9,23.94
"sox9","50ummeha",10,24.08
"sox9","50ummehp",8,24.0033333333333
"sox9","50ummehp",9,24.8033333333333
"sox9","50ummehp",10,24.98
"sox9","50ummehtp",8,23.1333333333333
"sox9","50ummehtp",9,24.3366666666667
"sox9","50ummehtp",10,25.1
"sox9","mi",1,23.0288888888889
"sox9","mi",3,23.2544444444444
"sox9","mi",4,23.2875
"sox9","mi",5,23.8466666666667
"sox9","mi",6,23.6966666666667
"sox9","mi",8,22.2308333333333
"sox9","mi",9,23.3083333333333
"sox9","mi",10,23.41
"sox9","mi",11,23.4222222222222
"sox9","mid",1,25.0033333333333
"sox9","mid",3,24.53
"sox9","mid",4,24.61
"sox9","mid",5,24.8366666666667
"sox9","mid",6,24.97
"sox9","mid",8,24.4733333333333
"sox9","mid",9,24.39
"sox9","mid",10,24.53
"sox9","mid",11,24.3
"sox9","mie",1,22.9566666666667
"sox9","mie",3,22.9733333333333
"sox9","mie",4,22.79
"sox9","mie",5,23.2066666666667
"sox9","mie",6,23.2866666666667
"sox9","mie",8,22.1833333333333
"sox9","mie",9,22.88
"sox9","mie",10,22.9366666666667
"sox9","mie",11,23.22
"sox9","mir",1,24.2966666666667
"sox9","mir",3,24.3433333333333
"sox9","mir",4,23.94
"sox9","mir",5,24.9566666666667
"sox9","mir",6,23.6133333333333
"sox9","mir",8,23.5833333333333
"sox9","mir",9,24.4766666666667
"sox9","mir",10,24.27
"sox9","mir",11,24.4766666666667
"srebp","0.01ummeha",4,26.13
"srebp","0.01ummeha",5,25.4433333333333
"srebp","0.01ummeha",6,26.0166666666667
"srebp","0.01ummehp",3,26.21
"srebp","0.01ummehp",4,25.88
"srebp","0.01ummehp",5,26.1
"srebp","0.01ummehtp",3,26.1566666666667
"srebp","0.01ummehtp",4,25.97
"srebp","0.01ummehtp",5,26.1866666666667
"srebp","0.1ummeha",4,26.2
"srebp","0.1ummeha",5,25.29
"srebp","0.1ummeha",6,25.86
"srebp","0.1ummehp",3,25.9833333333333
"srebp","0.1ummehp",4,25.8066666666667
"srebp","0.1ummehp",5,26.03
"srebp","0.1ummehtp",3,26.4933333333333
"srebp","0.1ummehtp",4,25.7
"srebp","0.1ummehtp",5,26.24
"srebp","100umdeha",11,25.8166666666667
"srebp","100umdehtp",11,25.8733333333333
"srebp","100ummecptp",11,25.5333333333333
"srebp","100ummeha",8,25.29
"srebp","100ummeha",9,25.7666666666667
"srebp","100ummeha",10,24.8933333333333
"srebp","100ummehp",8,25.2766666666667
"srebp","100ummehp",9,25.9333333333333
"srebp","100ummehp",10,24.81
"srebp","100ummehtp",8,25.74
"srebp","100ummehtp",9,26.1233333333333
"srebp","100ummehtp",10,25.0866666666667
"srebp","100umretinoicacid",8,25.9966666666667
"srebp","100umretinoicacid",9,27.3466666666667
"srebp","100umretinoicacid",10,26.0033333333333
"srebp","10ummecptp",11,25.6366666666667
"srebp","10ummeha",4,26.2
"srebp","10ummeha",5,25.2966666666667
"srebp","10ummeha",6,25.9466666666667
"srebp","10ummehp",3,26.24
"srebp","10ummehp",4,25.3
"srebp","10ummehp",5,25.7766666666667
"srebp","10ummehtp",3,26.47
"srebp","10ummehtp",4,25.8633333333333
"srebp","10ummehtp",5,26.4566666666667
"srebp","1ummeha",4,26.1533333333333
"srebp","1ummeha",5,25.2833333333333
"srebp","1ummeha",6,26.09
"srebp","1ummehp",3,25.8333333333333
"srebp","1ummehp",4,25.9066666666667
"srebp","1ummehp",5,26.0933333333333
"srebp","1ummehtp",3,26.07
"srebp","1ummehtp",4,26.1266666666667
"srebp","1ummehtp",5,26.3366666666667
"srebp","20umdeha",11,25.8933333333333
"srebp","20umdehtp",11,25.8866666666667
"srebp","20ummecptp",11,25.69
"srebp","20ummeha",4,26.6
"srebp","20ummeha",5,25.29
"srebp","20ummeha",6,25.79
"srebp","20ummeha",8,25.5666666666667
"srebp","20ummeha",9,26.0033333333333
"srebp","20ummeha",10,25.2866666666667
"srebp","20ummehp",3,25.3366666666667
"srebp","20ummehp",4,25.0133333333333
"srebp","20ummehp",5,25.33
"srebp","20ummehp",8,25.7633333333333
"srebp","20ummehp",9,25.38
"srebp","20ummehp",10,24.7333333333333
"srebp","20ummehtp",3,26.3066666666667
"srebp","20ummehtp",4,25.65
"srebp","20ummehtp",5,26.4466666666667
"srebp","20ummehtp",8,26.02
"srebp","20ummehtp",9,26.3433333333333
"srebp","20ummehtp",10,25.2433333333333
"srebp","50umdeha",11,25.7666666666667
"srebp","50umdehtp",11,26.1666666666667
"srebp","50ummecptp",11,26.01
"srebp","50ummeha",8,25.4433333333333
"srebp","50ummeha",9,26.28
"srebp","50ummeha",10,24.8433333333333
"srebp","50ummehp",8,25.6833333333333
"srebp","50ummehp",9,25.48
"srebp","50ummehp",10,24.6
"srebp","50ummehtp",8,25.7133333333333
"srebp","50ummehtp",9,26.47
"srebp","50ummehtp",10,24.8633333333333
"srebp","mi",3,26.4944444444444
"srebp","mi",4,26.125
"srebp","mi",5,26.0458333333333
"srebp","mi",6,25.83
"srebp","mi",8,26.2616666666667
"srebp","mi",9,26.5141666666667
"srebp","mi",10,25.3633333333333
"srebp","mi",11,25.9944444444444
"srebp","mid",3,25.29
"srebp","mid",4,25.31
"srebp","mid",5,24.4733333333333
"srebp","mid",6,24.2133333333333
"srebp","mid",8,24.9166666666667
"srebp","mid",9,26.19
"srebp","mid",10,25.0833333333333
"srebp","mid",11,25.08
"srebp","mie",3,25.9933333333333
"srebp","mie",4,25.84
"srebp","mie",5,25.3033333333333
"srebp","mie",6,25.2
"srebp","mie",8,25.5433333333333
"srebp","mie",9,26.1566666666667
"srebp","mie",10,25.2
"srebp","mie",11,25.7266666666667
"srebp","mir",3,24.9933333333333
"srebp","mir",4,25.2433333333333
"srebp","mir",5,24.29
"srebp","mir",6,24.6066666666667
"srebp","mir",8,24.71
"srebp","mir",9,26.0433333333333
"srebp","mir",10,24.6666666666667
"srebp","mir",11,25.1666666666667
