"chemical","gene","RQ1","RQ2","RQ3","RQ4","RQ5","RQ6","RQ7","RQ8","RQ9","RQ10","RQ11","average_RQ","SEM","concentration","chemicalgroup","pvalue","model_name","sigcode","graphing_sort"
"0.01umdeha","adipoq","0.1452557","0.7253085",NA,NA,NA,NA,"0.4527124",NA,NA,NA,NA,0.44,0.17,0.01,"deha","0.0199","Linear Model","*","deha adipoq"
"0.01umdeha","dlk1","0.90542476",NA,NA,NA,NA,NA,NA,NA,NA,NA,NA,0.91,NA,0.01,"deha","0.0038","GLM Gaussian","**","deha dlk1"
"0.01umdeha","fabp4","0.1034257","0.5946036",NA,NA,NA,NA,"0.3950207",NA,NA,NA,NA,0.36,0.14,0.01,"deha","0.0343","Linear Model","*","deha fabp4"
"0.01umdeha","klf2","1.08172467",NA,NA,NA,NA,NA,NA,NA,NA,NA,NA,1.08,NA,0.01,"deha","0.0003","GLM Inverse Gaussian","***","deha klf2"
"0.01umdeha","lpl","0.43427074","1.0233739",NA,NA,NA,NA,"0.7236346",NA,NA,NA,NA,0.73,0.17,0.01,"deha","0.0539","GLM Gaussian","o","deha lpl"
"0.01umdeha","plin","0.1759617","0.8806659",NA,NA,NA,NA,"0.4665165",NA,NA,NA,NA,0.51,0.2,0.01,"deha","0.0506","Linear Model","o","deha plin"
"0.01umdeha","ppara",NA,NA,NA,NA,NA,NA,"0.6705112",NA,NA,NA,NA,0.67,NA,0.01,"deha","    NA",NA," ","deha ppara"
"0.01umdeha","pparg","0.43628214","0.7543643",NA,NA,NA,NA,"0.8867914",NA,NA,NA,NA,0.69,0.13,0.01,"deha","0.0194","GLM Gaussian","*","deha pparg"
"0.01umdeha","retn","0.13060964","0.7320428",NA,NA,NA,NA,"0.4233727",NA,NA,NA,NA,0.43,0.17,0.01,"deha","0.0546","Linear Model","o","deha retn"
"0.01umdeha","sox9","0.77736641",NA,NA,NA,NA,NA,NA,NA,NA,NA,NA,0.78,NA,0.01,"deha","0.0004","GLM Gaussian","***","deha sox9"
"0.01umdehtp","adipoq","0.21563551","0.7087424","0.3694199",NA,NA,NA,NA,NA,NA,NA,NA,0.43,0.15,0.01,"dehtp","0.0260","GLM Gaussian","*","dehtp adipoq"
"0.01umdehtp","dlk1","1.05457863",NA,NA,NA,NA,NA,NA,NA,NA,NA,NA,1.05,NA,0.01,"dehtp","0.0000","GLM Gaussian","***","dehtp dlk1"
"0.01umdehtp","fabp4","0.1452557","0.8370196","0.4719372",NA,NA,NA,NA,NA,NA,NA,NA,0.48,0.2,0.01,"dehtp","0.0539","GLM Gaussian","o","dehtp fabp4"
"0.01umdehtp","klf2","0.87055056",NA,NA,NA,NA,NA,NA,NA,NA,NA,NA,0.87,NA,0.01,"dehtp","0.3597","GLM Inverse Gaussian"," ","dehtp klf2"
"0.01umdehtp","lpl","0.49311635","1.1513555","0.9908006",NA,NA,NA,NA,NA,NA,NA,NA,0.88,0.2,0.01,"dehtp","0.6345","GLM Gaussian"," ","dehtp lpl"
"0.01umdehtp","plin","0.31643915","0.6767368","0.4393167",NA,NA,NA,NA,NA,NA,NA,NA,0.48,0.11,0.01,"dehtp","0.1050","Linear Model"," ","dehtp plin"
"0.01umdehtp","pparg","0.28191523","1.0257411","0.9839567",NA,NA,NA,NA,NA,NA,NA,NA,0.76,0.24,0.01,"dehtp","0.4699","GLM Gaussian"," ","dehtp pparg"
"0.01umdehtp","retn","0.2049485","1.0767376","0.6417129",NA,NA,NA,NA,NA,NA,NA,NA,0.64,0.25,0.01,"dehtp","0.3818","GLM Gaussian"," ","dehtp retn"
"0.01umdehtp","sox9","0.81601448",NA,NA,NA,NA,NA,NA,NA,NA,NA,NA,0.82,NA,0.01,"dehtp","0.0000","GLM Gaussian","***","dehtp sox9"
"0.01ummeha","adipoq",NA,NA,NA,"0.4413515","0.4807415","0.4569157",NA,NA,NA,NA,NA,0.46,0.01,0.01,"meha","0.0007","GLM Gamma","***","meha adipoq"
"0.01ummeha","cebpa",NA,NA,NA,"0.8847448","0.9570503","0.4730288",NA,NA,NA,NA,NA,0.77,0.15,0.01,"meha","0.2066","GLM Gamma"," ","meha cebpa"
"0.01ummeha","dlk1",NA,NA,NA,"0.5176325","0.9438743","0.9637071",NA,NA,NA,NA,NA,0.81,0.15,0.01,"meha","0.1174","GLM Gaussian"," ","meha dlk1"
"0.01ummeha","fabp4",NA,NA,NA,"0.97716","0.7269863","0.7937005",NA,NA,NA,NA,NA,0.83,0.07,0.01,"meha","0.3855","GLM Gamma"," ","meha fabp4"
"0.01ummeha","fasn",NA,NA,NA,"0.8745827","0.7937005","1.6548112",NA,NA,NA,NA,NA,1.11,0.27,0.01,"meha","0.2909","GLM Inverse Gaussian"," ","meha fasn"
"0.01ummeha","klf2",NA,NA,NA,"1.0023132","0.9908006","1.104454",NA,NA,NA,NA,NA,1.03,0.04,0.01,"meha","0.6464","GLM Inverse Gaussian"," ","meha klf2"
"0.01ummeha","lpl",NA,NA,NA,"0.9839567","0.7405488","0.7578583",NA,NA,NA,NA,NA,0.83,0.08,0.01,"meha","0.2546","GLM Inverse Gaussian"," ","meha lpl"
"0.01ummeha","plin",NA,NA,NA,"0.6973718","0.3668681","0.3368084",NA,NA,NA,NA,NA,0.47,0.12,0.01,"meha","0.0135","GLM Gamma","*","meha plin"
"0.01ummeha","pparg",NA,NA,NA,"0.6141516","0.862542","0.862542",NA,NA,NA,NA,NA,0.78,0.08,0.01,"meha","0.1519","GLM Inverse Gaussian"," ","meha pparg"
"0.01ummeha","retn",NA,NA,NA,"0.952638","0.933033","0.862542",NA,NA,NA,NA,NA,0.92,0.03,0.01,"meha","0.6016","GLM Inverse Gaussian"," ","meha retn"
"0.01ummeha","sox9",NA,NA,NA,"0.9096184","0.8847448","1.0328757",NA,NA,NA,NA,NA,0.94,0.05,0.01,"meha","0.3804","GLM Gaussian"," ","meha sox9"
"0.01ummeha","srebp",NA,NA,NA,"0.8216903","0.9012505","0.5586436",NA,NA,NA,NA,NA,0.76,0.1,0.01,"meha","0.0773","GLM Gamma","o","meha srebp"
"0.01ummehp","adipoq",NA,NA,"0.7303534","1.1593638","0.7543643",NA,NA,NA,NA,NA,NA,0.88,0.14,0.01,"mehp","0.4671","GLM Gamma"," ","mehp adipoq"
"0.01ummehp","cebpa",NA,NA,"0.7827734","0.7900413","0.5535044",NA,NA,NA,NA,NA,NA,0.71,0.08,0.01,"mehp","0.0188","GLM Inverse Gaussian","*","mehp cebpa"
"0.01ummehp","dlk1",NA,NA,"0.8122524","0.4752197","0.7648948",NA,NA,NA,NA,NA,NA,0.68,0.11,0.01,"mehp","0.0000","GLM Gaussian","***","mehp dlk1"
"0.01ummehp","fabp4",NA,NA,"0.8786335","1.4640857","0.6628097",NA,NA,NA,NA,NA,NA,1,0.24,0.01,"mehp","0.7514","GLM Gamma"," ","mehp fabp4"
"0.01ummehp","fasn",NA,NA,"0.7737825","0.5458841","1.4240502",NA,NA,NA,NA,NA,NA,0.91,0.26,0.01,"mehp","0.9651","GLM Gamma"," ","mehp fasn"
"0.01ummehp","klf2",NA,NA,"1.1407637","1.0023132","0.819794",NA,NA,NA,NA,NA,NA,0.99,0.09,0.01,"mehp","0.9591","GLM Inverse Gaussian"," ","mehp klf2"
"0.01ummehp","lpl",NA,NA,"0.8950251","1.0046317","0.6491693",NA,NA,NA,NA,NA,NA,0.85,0.11,0.01,"mehp","0.3028","GLM Gamma"," ","mehp lpl"
"0.01ummehp","plin",NA,NA,"0.5756777","0.8447912","0.4051889",NA,NA,NA,NA,NA,NA,0.61,0.13,0.01,"mehp","0.0688","GLM Gamma","o","mehp plin"
"0.01ummehp","pparg",NA,NA,"1.0400599","0.9953897","1.1837245",NA,NA,NA,NA,NA,NA,1.07,0.06,0.01,"mehp","0.2655","GLM Inverse Gaussian"," ","mehp pparg"
"0.01ummehp","retn",NA,NA,"0.8370196","1.3379276","0.6973718",NA,NA,NA,NA,NA,NA,0.96,0.19,0.01,"mehp","0.7939","GLM Inverse Gaussian"," ","mehp retn"
"0.01ummehp","sox9",NA,NA,"0.9816859","0.6015125","0.7973767",NA,NA,NA,NA,NA,NA,0.79,0.11,0.01,"mehp","0.0299","Linear Model","*","mehp sox9"
"0.01ummehp","srebp",NA,NA,"0.8506672","1.0186558","0.5850641",NA,NA,NA,NA,NA,NA,0.82,0.13,0.01,"mehp","0.5529","Linear Model"," ","mehp srebp"
"0.01ummehtp","adipoq",NA,NA,"0.5176325","1.3286858","0.5046424",NA,NA,NA,NA,NA,NA,0.78,0.27,0.01,"mehtp","0.4411","GLM Inverse Gaussian"," ","mehtp adipoq"
"0.01ummehtp","cebpa",NA,NA,"0.8312379","0.7103819","0.4393167",NA,NA,NA,NA,NA,NA,0.66,0.12,0.01,"mehtp","0.1457","GLM Gamma"," ","mehtp cebpa"
"0.01ummehtp","dlk1",NA,NA,"0.8645372","0.494257","0.8122524",NA,NA,NA,NA,NA,NA,0.72,0.12,0.01,"mehtp","0.0035","GLM Gaussian","**","mehtp dlk1"
"0.01ummehtp","fabp4",NA,NA,"0.4527124","1.5874011","0.4273036",NA,NA,NA,NA,NA,NA,0.82,0.38,0.01,"mehtp","0.6633","GLM Gamma"," ","mehtp fabp4"
"0.01ummehtp","fasn",NA,NA,"0.8103779","0.4558612","1.4174849",NA,NA,NA,NA,NA,NA,0.89,0.28,0.01,"mehtp","0.7446","GLM Inverse Gaussian"," ","mehtp fasn"
"0.01ummehtp","klf2",NA,NA,"0.9749049","0.9637071","0.8929595",NA,NA,NA,NA,NA,NA,0.94,0.03,0.01,"mehtp","0.4064","Linear Model"," ","mehtp klf2"
"0.01ummehtp","lpl",NA,NA,"1.1250585","1.5087286","0.8991705",NA,NA,NA,NA,NA,NA,1.18,0.18,0.01,"mehtp","0.2013","GLM Inverse Gaussian"," ","mehtp lpl"
"0.01ummehtp","plin",NA,NA,"0.933033","2.0232389","0.5176325",NA,NA,NA,NA,NA,NA,1.16,0.45,0.01,"mehtp","0.6088","GLM Inverse Gaussian"," ","mehtp plin"
"0.01ummehtp","pparg",NA,NA,"0.6387544","0.5973576","0.8085077",NA,NA,NA,NA,NA,NA,0.68,0.06,0.01,"mehtp","0.0465","GLM Inverse Gaussian","*","mehtp pparg"
"0.01ummehtp","retn",NA,NA,"0.5297315","1.785919","0.4863275",NA,NA,NA,NA,NA,NA,0.93,0.43,0.01,"mehtp","0.9352","GLM Inverse Gaussian"," ","mehtp retn"
"0.01ummehtp","sox9",NA,NA,"1.0233739","0.6169961","0.8467453",NA,NA,NA,NA,NA,NA,0.83,0.12,0.01,"mehtp","0.1337","GLM Gamma"," ","mehtp sox9"
"0.01ummehtp","srebp",NA,NA,"0.823591","0.941696","0.5458841",NA,NA,NA,NA,NA,NA,0.77,0.12,0.01,"mehtp","0.2097","Linear Model"," ","mehtp srebp"
"0.01umtpa","fabp4","0.13490353","0.9816859",NA,NA,NA,NA,NA,NA,NA,NA,NA,0.56,0.42,0.01,"tpa","0.2853","GLM Gaussian"," ","tpa fabp4"
"0.01umtpa","lpl","0.48185356","0.9953897",NA,NA,NA,NA,NA,NA,NA,NA,NA,0.74,0.26,0.01,"tpa","0.3917","GLM Gaussian"," ","tpa lpl"
"0.01umtpa","plin","0.27420624","1.2002487",NA,NA,NA,NA,NA,NA,NA,NA,NA,0.74,0.46,0.01,"tpa","0.5437","GLM Gaussian"," ","tpa plin"
"0.1umdeha","adipoq","0.18007461","0.4569157",NA,NA,NA,NA,"0.4774208",NA,NA,NA,NA,0.37,0.1,0.1,"deha","0.0086","Linear Model","**","deha adipoq"
"0.1umdeha","dlk1","0.99080061",NA,NA,NA,NA,NA,NA,NA,NA,NA,NA,0.99,NA,0.1,"deha","0.0705","GLM Gaussian","o","deha dlk1"
"0.1umdeha","fabp4","0.23164702","0.3042509",NA,NA,NA,NA,"0.4558612",NA,NA,NA,NA,0.33,0.07,0.1,"deha","0.0253","Linear Model","*","deha fabp4"
"0.1umdeha","klf2","1.25992105",NA,NA,NA,NA,NA,NA,NA,NA,NA,NA,1.26,NA,0.1,"deha","0.0336","GLM Inverse Gaussian","*","deha klf2"
"0.1umdeha","lpl","0.6328783","0.7120251",NA,NA,NA,NA,"0.7474246",NA,NA,NA,NA,0.7,0.03,0.1,"deha","0.0317","GLM Gaussian","*","deha lpl"
"0.1umdeha","plin","0.18599469","0.6612801",NA,NA,NA,NA,"0.5140569",NA,NA,NA,NA,0.45,0.14,0.1,"deha","0.0302","Linear Model","*","deha plin"
"0.1umdeha","ppara",NA,NA,NA,NA,NA,NA,"0.6099093",NA,NA,NA,NA,0.61,NA,0.1,"deha","    NA",NA," ","deha ppara"
"0.1umdeha","pparg","0.66896378","0.5509526",NA,NA,NA,NA,"0.819794",NA,NA,NA,NA,0.68,0.08,0.1,"deha","0.0143","GLM Gaussian","*","deha pparg"
"0.1umdeha","retn","0.23981603","0.3193772",NA,NA,NA,NA,"0.5383688",NA,NA,NA,NA,0.37,0.09,0.1,"deha","0.0311","Linear Model","*","deha retn"
"0.1umdeha","sox9","1.03765966",NA,NA,NA,NA,NA,NA,NA,NA,NA,NA,1.04,NA,0.1,"deha","0.0705","GLM Gaussian","o","deha sox9"
"0.1umdehtp","adipoq","0.25348987","0.823591","0.4332685",NA,NA,NA,NA,NA,NA,NA,NA,0.5,0.17,0.1,"dehtp","0.0561","GLM Gaussian","o","dehtp adipoq"
"0.1umdehtp","dlk1","0.92658806",NA,NA,NA,NA,NA,NA,NA,NA,NA,NA,0.93,NA,0.1,"dehtp","0.0705","GLM Gaussian","o","dehtp dlk1"
"0.1umdehtp","fabp4","0.33836838","0.5599358","0.5625292",NA,NA,NA,NA,NA,NA,NA,NA,0.49,0.07,0.1,"dehtp","0.0551","GLM Gaussian","o","dehtp fabp4"
"0.1umdehtp","klf2","1.46070684",NA,NA,NA,NA,NA,NA,NA,NA,NA,NA,1.46,NA,0.1,"dehtp","0.0621","GLM Inverse Gaussian","o","dehtp klf2"
"0.1umdehtp","lpl","0.76666417","0.941696","1.0400599",NA,NA,NA,NA,NA,NA,NA,NA,0.92,0.08,0.1,"dehtp","0.8203","GLM Gaussian"," ","dehtp lpl"
"0.1umdehtp","plin","0.37544323","1.2628355","0.4785252",NA,NA,NA,NA,NA,NA,NA,NA,0.71,0.28,0.1,"dehtp","0.4227","Linear Model"," ","dehtp plin"
"0.1umdehtp","pparg","0.37718216","0.7973767","1.1434025",NA,NA,NA,NA,NA,NA,NA,NA,0.77,0.22,0.1,"dehtp","0.4969","GLM Gaussian"," ","dehtp pparg"
"0.1umdehtp","retn","0.3815648","0.9681707","0.8725643",NA,NA,NA,NA,NA,NA,NA,NA,0.74,0.18,0.1,"dehtp","0.6430","GLM Gaussian"," ","dehtp retn"
"0.1umdehtp","sox9","0.82359102",NA,NA,NA,NA,NA,NA,NA,NA,NA,NA,0.82,NA,0.1,"dehtp","0.0705","GLM Gaussian","o","dehtp sox9"
"0.1ummeha","adipoq",NA,NA,NA,"0.6417129","0.4117955","0.3576615",NA,NA,NA,NA,NA,0.47,0.09,0.1,"meha","0.0011","GLM Gamma","**","meha adipoq"
"0.1ummeha","cebpa",NA,NA,NA,"1.0619138","1.0352649","0.4665165",NA,NA,NA,NA,NA,0.85,0.19,0.1,"meha","0.4653","GLM Gamma"," ","meha cebpa"
"0.1ummeha","dlk1",NA,NA,NA,"0.5","0.918064","0.8370196",NA,NA,NA,NA,NA,0.75,0.13,0.1,"meha","0.0415","GLM Gaussian","*","meha dlk1"
"0.1ummeha","fabp4",NA,NA,NA,"1.4109498","0.6099093","0.8066418",NA,NA,NA,NA,NA,0.94,0.24,0.1,"meha","0.7663","GLM Gamma"," ","meha fabp4"
"0.1ummeha","fasn",NA,NA,NA,"0.8331607","0.8029229","1.5691682",NA,NA,NA,NA,NA,1.07,0.25,0.1,"meha","0.3883","GLM Inverse Gaussian"," ","meha fasn"
"0.1ummeha","klf2",NA,NA,NA,"1.0046317","0.97716","1.0767376",NA,NA,NA,NA,NA,1.02,0.03,0.1,"meha","0.7558","GLM Inverse Gaussian"," ","meha klf2"
"0.1ummeha","lpl",NA,NA,NA,"1.122462","0.7388397","0.7543643",NA,NA,NA,NA,NA,0.87,0.13,0.1,"meha","0.4370","GLM Inverse Gaussian"," ","meha lpl"
"0.1ummeha","plin",NA,NA,NA,"0.786399","0.2986788","0.2851909",NA,NA,NA,NA,NA,0.46,0.16,0.1,"meha","0.0114","GLM Gamma","*","meha plin"
"0.1ummeha","pparg",NA,NA,NA,"0.587774","0.8370196","0.640232",NA,NA,NA,NA,NA,0.69,0.08,0.1,"meha","0.0288","GLM Inverse Gaussian","*","meha pparg"
"0.1ummeha","retn",NA,NA,NA,"1.632029","0.8216903","0.7269863",NA,NA,NA,NA,NA,1.06,0.29,0.1,"meha","0.6650","GLM Inverse Gaussian"," ","meha retn"
"0.1ummeha","sox9",NA,NA,NA,"0.9953897","0.8103779","0.8766057",NA,NA,NA,NA,NA,0.89,0.05,0.1,"meha","0.1437","GLM Gaussian"," ","meha sox9"
"0.1ummeha","srebp",NA,NA,NA,"0.7320428","0.9223162","0.5164379",NA,NA,NA,NA,NA,0.72,0.12,0.1,"meha","0.0367","GLM Gamma","*","meha srebp"
"0.1ummehp","adipoq",NA,NA,"0.652176","1.9543199","0.7737825",NA,NA,NA,NA,NA,NA,1.13,0.42,0.1,"mehp","0.7039","GLM Gamma"," ","mehp adipoq"
"0.1ummehp","cebpa",NA,NA,"0.8179021","0.8806659","0.5677522",NA,NA,NA,NA,NA,NA,0.76,0.1,0.1,"mehp","0.0471","GLM Inverse Gaussian","*","mehp cebpa"
"0.1ummehp","dlk1",NA,NA,"0.6909564","0.4495853","0.6909564",NA,NA,NA,NA,NA,NA,0.61,0.08,0.1,"mehp","0.0000","GLM Gaussian","***","mehp dlk1"
"0.1ummehp","fabp4",NA,NA,"0.6241653","2.3456699","0.6536846",NA,NA,NA,NA,NA,NA,1.21,0.57,0.1,"mehp","0.7844","GLM Gamma"," ","mehp fabp4"
"0.1ummehp","fasn",NA,NA,"0.9075192","0.6056964","1.4573358",NA,NA,NA,NA,NA,NA,0.99,0.25,0.1,"mehp","0.7801","GLM Gamma"," ","mehp fasn"
"0.1ummehp","klf2",NA,NA,"0.9839567","1.122462","0.8216903",NA,NA,NA,NA,NA,NA,0.98,0.09,0.1,"mehp","0.8934","GLM Inverse Gaussian"," ","mehp klf2"
"0.1ummehp","lpl",NA,NA,"0.6846001","1.1674278","0.5509526",NA,NA,NA,NA,NA,NA,0.8,0.19,0.1,"mehp","0.1682","GLM Gamma"," ","mehp lpl"
"0.1ummehp","plin",NA,NA,"0.4719372","1.6207557","0.4042538",NA,NA,NA,NA,NA,NA,0.83,0.39,0.1,"mehp","0.4228","GLM Gamma"," ","mehp plin"
"0.1ummehp","pparg",NA,NA,"0.9223162","1.1620456","1.0424658",NA,NA,NA,NA,NA,NA,1.04,0.07,0.1,"mehp","0.5253","GLM Inverse Gaussian"," ","mehp pparg"
"0.1ummehp","retn",NA,NA,"0.7269863","2.3839159","0.7202984",NA,NA,NA,NA,NA,NA,1.28,0.55,0.1,"mehp","0.1827","GLM Inverse Gaussian"," ","mehp retn"
"0.1ummehp","sox9",NA,NA,"0.9548416","0.6227248","0.6973718",NA,NA,NA,NA,NA,NA,0.76,0.1,0.1,"mehp","0.0142","Linear Model","*","mehp sox9"
"0.1ummehp","srebp",NA,NA,"0.8085077","1.0892487","0.5334161",NA,NA,NA,NA,NA,NA,0.81,0.16,0.1,"mehp","0.5281","Linear Model"," ","mehp srebp"
"0.1ummehtp","adipoq",NA,NA,"0.459032","1.5192227","0.5509526",NA,NA,NA,NA,NA,NA,0.84,0.34,0.1,"mehtp","0.5918","GLM Inverse Gaussian"," ","mehtp adipoq"
"0.1ummehtp","cebpa",NA,NA,"0.5918622","0.6387544","0.4383029",NA,NA,NA,NA,NA,NA,0.56,0.06,0.1,"mehtp","0.0305","GLM Gamma","*","mehtp cebpa"
"0.1ummehtp","dlk1",NA,NA,"0.7648948","0.4263174","0.7422618",NA,NA,NA,NA,NA,NA,0.64,0.11,0.1,"mehtp","0.0004","GLM Gaussian","***","mehtp dlk1"
"0.1ummehtp","fabp4",NA,NA,"0.4818536","1.5947534","0.3763117",NA,NA,NA,NA,NA,NA,0.82,0.39,0.1,"mehtp","0.6532","GLM Gamma"," ","mehtp fabp4"
"0.1ummehtp","fasn",NA,NA,"0.8066418","0.4263174","1.4012037",NA,NA,NA,NA,NA,NA,0.88,0.28,0.1,"mehtp","0.8072","GLM Inverse Gaussian"," ","mehtp fasn"
"0.1ummehtp","klf2",NA,NA,"1.1864626","0.9659363","0.866537",NA,NA,NA,NA,NA,NA,1.01,0.09,0.1,"mehtp","0.9999","Linear Model"," ","mehtp klf2"
"0.1ummehtp","lpl",NA,NA,"1.2628355","1.6132835","0.8705506",NA,NA,NA,NA,NA,NA,1.25,0.21,0.1,"mehtp","0.1046","GLM Inverse Gaussian"," ","mehtp lpl"
"0.1ummehtp","plin",NA,NA,"0.6814438","2.6882488","0.5743492",NA,NA,NA,NA,NA,NA,1.31,0.69,0.1,"mehtp","0.3332","GLM Inverse Gaussian"," ","mehtp plin"
"0.1ummehtp","pparg",NA,NA,"0.5703819","0.6461764","0.7038468",NA,NA,NA,NA,NA,NA,0.64,0.04,0.1,"mehtp","0.0183","GLM Inverse Gaussian","*","mehtp pparg"
"0.1ummehtp","retn",NA,NA,"0.5973576","2.3839159","0.561231",NA,NA,NA,NA,NA,NA,1.18,0.6,0.1,"mehtp","0.5101","GLM Inverse Gaussian"," ","mehtp retn"
"0.1ummehtp","sox9",NA,NA,"1.1919579","0.5677522","0.7543643",NA,NA,NA,NA,NA,NA,0.84,0.18,0.1,"mehtp","0.1460","GLM Gamma"," ","mehtp sox9"
"0.1ummehtp","srebp",NA,NA,"0.6536846","0.9570503","0.5023158",NA,NA,NA,NA,NA,NA,0.7,0.13,0.1,"mehtp","0.1005","Linear Model"," ","mehtp srebp"
"0.1umtpa","fabp4","0.19751033","0.6141516",NA,NA,NA,NA,NA,NA,NA,NA,NA,0.41,0.21,0.1,"tpa","0.1362","GLM Gaussian"," ","tpa fabp4"
"0.1umtpa","lpl","0.54462433","1.0619138",NA,NA,NA,NA,NA,NA,NA,NA,NA,0.8,0.26,0.1,"tpa","0.5581","GLM Gaussian"," ","tpa lpl"
"0.1umtpa","plin","0.24316374","0.9704102",NA,NA,NA,NA,NA,NA,NA,NA,NA,0.61,0.36,0.1,"tpa","0.3052","GLM Gaussian"," ","tpa plin"
"1umdeha","adipoq","0.14592848","0.8141313",NA,NA,NA,NA,"0.8585654",NA,NA,NA,NA,0.61,0.23,1,"deha","0.1202","Linear Model"," ","deha adipoq"
"1umdeha","dlk1","0.99080061",NA,NA,NA,NA,NA,NA,NA,NA,NA,NA,0.99,NA,1,"deha","0.0038","GLM Gaussian","**","deha dlk1"
"1umdeha","fabp4","0.11555621","0.7286679",NA,NA,NA,NA,"0.862542",NA,NA,NA,NA,0.57,0.23,1,"deha","0.1809","Linear Model"," ","deha fabp4"
"1umdeha","klf2","0.93303299",NA,NA,NA,NA,NA,NA,NA,NA,NA,NA,0.93,NA,1,"deha","0.0003","GLM Inverse Gaussian","***","deha klf2"
"1umdeha","lpl","0.40425383","0.9159453",NA,NA,NA,NA,"0.8847448",NA,NA,NA,NA,0.73,0.17,1,"deha","0.0618","GLM Gaussian","o","deha lpl"
"1umdeha","plin","0.17474624","1.0545786",NA,NA,NA,NA,"0.7474246",NA,NA,NA,NA,0.66,0.26,1,"deha","0.1853","Linear Model"," ","deha plin"
"1umdeha","ppara",NA,NA,NA,NA,NA,NA,"0.848704",NA,NA,NA,NA,0.85,NA,1,"deha","    NA",NA," ","deha ppara"
"1umdeha","pparg","0.37371231","0.6461764",NA,NA,NA,NA,"1.0092848",NA,NA,NA,NA,0.68,0.18,1,"deha","0.0131","GLM Gaussian","*","deha pparg"
"1umdeha","retn","0.12674493","0.6783022",NA,NA,NA,NA,"0.9749049",NA,NA,NA,NA,0.59,0.25,1,"deha","0.2037","Linear Model"," ","deha retn"
"1umdeha","sox9","0.77021511",NA,NA,NA,NA,NA,NA,NA,NA,NA,NA,0.77,NA,1,"deha","0.0004","GLM Gaussian","***","deha sox9"
"1umdehtp","adipoq","0.10462745","1.203025","0.6417129",NA,NA,NA,NA,NA,NA,NA,NA,0.65,0.32,1,"dehtp","0.2204","GLM Gaussian"," ","dehtp adipoq"
"1umdehtp","dlk1","0.7286679",NA,NA,NA,NA,NA,NA,NA,NA,NA,NA,0.73,NA,1,"dehtp","0.0000","GLM Gaussian","***","dehtp dlk1"
"1umdehtp","fabp4","0.07553732","1.1019051","0.856584",NA,NA,NA,NA,NA,NA,NA,NA,0.68,0.31,1,"dehtp","0.3038","GLM Gaussian"," ","dehtp fabp4"
"1umdehtp","klf2","0.72029843",NA,NA,NA,NA,NA,NA,NA,NA,NA,NA,0.72,NA,1,"dehtp","0.3597","GLM Inverse Gaussian"," ","dehtp klf2"
"1umdehtp","lpl","0.35683606","0.9953897","1.0472941",NA,NA,NA,NA,NA,NA,NA,NA,0.8,0.22,1,"dehtp","0.3251","GLM Gaussian"," ","dehtp lpl"
"1umdehtp","plin","0.15142409","1.7330741","0.6431973",NA,NA,NA,NA,NA,NA,NA,NA,0.84,0.47,1,"dehtp","0.7747","Linear Model"," ","dehtp plin"
"1umdehtp","pparg","0.22898632","0.8408964","1.1728349",NA,NA,NA,NA,NA,NA,NA,NA,0.75,0.28,1,"dehtp","0.4222","GLM Gaussian"," ","dehtp pparg"
"1umdehtp","retn","0.08737312","1.259921","1.1947151",NA,NA,NA,NA,NA,NA,NA,NA,0.85,0.38,1,"dehtp","0.9862","GLM Gaussian"," ","dehtp retn"
"1umdehtp","sox9","0.65823136",NA,NA,NA,NA,NA,NA,NA,NA,NA,NA,0.66,NA,1,"dehtp","0.0000","GLM Gaussian","***","dehtp sox9"
"1ummeha","adipoq",NA,NA,NA,"0.6814438","0.33371","0.556068",NA,NA,NA,NA,NA,0.52,0.1,1,"meha","0.0042","GLM Gamma","**","meha adipoq"
"1ummeha","cebpa",NA,NA,NA,"0.7955365","0.8370196","0.5105061",NA,NA,NA,NA,NA,0.71,0.1,1,"meha","0.0987","GLM Gamma","o","meha cebpa"
"1ummeha","dlk1",NA,NA,NA,"0.4475125","0.8745827","0.9223162",NA,NA,NA,NA,NA,0.75,0.15,1,"meha","0.0387","GLM Gaussian","*","meha dlk1"
"1ummeha","fabp4",NA,NA,NA,"1.9679133","0.53465","1.3286858",NA,NA,NA,NA,NA,1.28,0.41,1,"meha","0.2675","GLM Gamma"," ","meha fabp4"
"1ummeha","fasn",NA,NA,NA,"0.9096184","0.7684376","1.7900501",NA,NA,NA,NA,NA,1.16,0.32,1,"meha","0.2005","GLM Inverse Gaussian"," ","meha fasn"
"1ummeha","klf2",NA,NA,NA,"0.8867914","0.9438743","1.0942937",NA,NA,NA,NA,NA,0.97,0.06,1,"meha","0.8339","GLM Inverse Gaussian"," ","meha klf2"
"1ummeha","lpl",NA,NA,NA,"1.0448772","0.6941567","0.7992211",NA,NA,NA,NA,NA,0.85,0.1,1,"meha","0.3235","GLM Inverse Gaussian"," ","meha lpl"
"1ummeha","plin",NA,NA,NA,"0.941696","0.214146","0.4954003",NA,NA,NA,NA,NA,0.55,0.21,1,"meha","0.0496","GLM Gamma","*","meha plin"
"1ummeha","pparg",NA,NA,NA,"0.53465","0.7561093","1.0352649",NA,NA,NA,NA,NA,0.78,0.14,1,"meha","0.1417","GLM Inverse Gaussian"," ","meha pparg"
"1ummeha","retn",NA,NA,NA,"1.8318906","0.640232","1.3225601",NA,NA,NA,NA,NA,1.26,0.35,1,"meha","0.1107","GLM Inverse Gaussian"," ","meha retn"
"1ummeha","sox9",NA,NA,NA,"0.8705506","0.8122524","0.9862327",NA,NA,NA,NA,NA,0.89,0.05,1,"meha","0.1300","GLM Gaussian"," ","meha sox9"
"1ummeha","srebp",NA,NA,NA,"0.7071068","0.856584","0.5334161",NA,NA,NA,NA,NA,0.7,0.09,1,"meha","0.0211","GLM Gamma","*","meha srebp"
"1ummehp","adipoq",NA,NA,"1.0993621","1.8488993","0.786399",NA,NA,NA,NA,NA,NA,1.24,0.32,1,"mehp","0.4143","GLM Gamma"," ","mehp adipoq"
"1ummehp","cebpa",NA,NA,"0.8970954","0.7755724","0.5408623",NA,NA,NA,NA,NA,NA,0.74,0.1,1,"mehp","0.0337","GLM Inverse Gaussian","*","mehp cebpa"
"1ummehp","dlk1",NA,NA,"0.6113201","0.4579726","0.587774",NA,NA,NA,NA,NA,NA,0.55,0.05,1,"mehp","0.0000","GLM Gaussian","***","mehp dlk1"
"1ummehp","fabp4",NA,NA,"1.2541124","3.1310937","0.7422618",NA,NA,NA,NA,NA,NA,1.71,0.73,1,"mehp","0.1890","GLM Gamma"," ","mehp fabp4"
"1ummehp","fasn",NA,NA,"0.9117225","0.6491693","1.259921",NA,NA,NA,NA,NA,NA,0.94,0.18,1,"mehp","0.9361","GLM Gamma"," ","mehp fasn"
"1ummehp","klf2",NA,NA,"0.8745827","1.1647336","0.6643429",NA,NA,NA,NA,NA,NA,0.9,0.15,1,"mehp","0.4922","GLM Inverse Gaussian"," ","mehp klf2"
"1ummehp","lpl",NA,NA,"0.8389558","1.3915248","0.6387544",NA,NA,NA,NA,NA,NA,0.96,0.23,1,"mehp","0.7566","GLM Gamma"," ","mehp lpl"
"1ummehp","plin",NA,NA,"0.9862327","1.3883135","0.428292",NA,NA,NA,NA,NA,NA,0.93,0.28,1,"mehp","0.6699","GLM Gamma"," ","mehp plin"
"1ummehp","pparg",NA,NA,"1.0521448","1.2339922","1.0619138",NA,NA,NA,NA,NA,NA,1.12,0.06,1,"mehp","0.0820","GLM Inverse Gaussian","o","mehp pparg"
"1ummehp","retn",NA,NA,"1.2686845","2.2973967","0.659754",NA,NA,NA,NA,NA,NA,1.41,0.48,1,"mehp","0.0649","GLM Inverse Gaussian","o","mehp retn"
"1ummehp","sox9",NA,NA,"0.8254961","0.6113201","0.5421134",NA,NA,NA,NA,NA,NA,0.66,0.09,1,"mehp","0.0016","Linear Model","**","mehp sox9"
"1ummehp","srebp",NA,NA,"0.8467453","1.0867349","0.4852051",NA,NA,NA,NA,NA,NA,0.81,0.17,1,"mehp","0.5150","Linear Model"," ","mehp srebp"
"1ummehtp","adipoq",NA,NA,"0.5717012","2.3729253","0.6941567",NA,NA,NA,NA,NA,NA,1.21,0.58,1,"mehtp","0.4529","GLM Inverse Gaussian"," ","mehtp adipoq"
"1ummehtp","cebpa",NA,NA,"0.6169961","0.463294","0.3931995",NA,NA,NA,NA,NA,NA,0.49,0.07,1,"mehtp","0.0087","GLM Gamma","**","mehtp cebpa"
"1ummehtp","dlk1",NA,NA,"0.7439788","0.4165803","0.8029229",NA,NA,NA,NA,NA,NA,0.65,0.12,1,"mehtp","0.0005","GLM Gaussian","***","mehtp dlk1"
"1ummehtp","fabp4",NA,NA,"0.5837139","3.0244371","0.5535044",NA,NA,NA,NA,NA,NA,1.39,0.82,1,"mehtp","0.3715","GLM Gamma"," ","mehtp fabp4"
"1ummehtp","fasn",NA,NA,"0.8103779","0.4156189","1.1782671",NA,NA,NA,NA,NA,NA,0.8,0.22,1,"mehtp","0.8790","GLM Inverse Gaussian"," ","mehtp fasn"
"1ummehtp","klf2",NA,NA,"0.8585654","1.0233739","0.8274056",NA,NA,NA,NA,NA,NA,0.9,0.06,1,"mehtp","0.1762","Linear Model"," ","mehtp klf2"
"1ummehtp","lpl",NA,NA,"0.9548416","1.836128","0.9395227",NA,NA,NA,NA,NA,NA,1.24,0.3,1,"mehtp","0.1100","GLM Inverse Gaussian"," ","mehtp lpl"
"1ummehtp","plin",NA,NA,"1.0717735","3.6977986","0.6113201",NA,NA,NA,NA,NA,NA,1.79,0.96,1,"mehtp","0.0505","GLM Inverse Gaussian","o","mehtp plin"
"1ummehtp","pparg",NA,NA,"0.5932313","0.7918688","0.8786335",NA,NA,NA,NA,NA,NA,0.75,0.08,1,"mehtp","0.1836","GLM Inverse Gaussian"," ","mehtp pparg"
"1ummehtp","retn",NA,NA,"0.6909564","3.749418","0.6551967",NA,NA,NA,NA,NA,NA,1.7,1.03,1,"mehtp","0.0862","GLM Inverse Gaussian","o","mehtp retn"
"1ummehtp","sox9",NA,NA,"0.9794203","0.5446243","0.788218",NA,NA,NA,NA,NA,NA,0.77,0.13,1,"mehtp","0.0573","GLM Gamma","o","mehtp sox9"
"1ummehtp","srebp",NA,NA,"0.6674199","0.7561093","0.4730288",NA,NA,NA,NA,NA,NA,0.63,0.08,1,"mehtp","0.0405","Linear Model","*","mehtp srebp"
"1umtpa","fabp4","0.11825721","1.4708669",NA,NA,NA,NA,NA,NA,NA,NA,NA,0.79,0.68,1,"tpa","0.7078","GLM Gaussian"," ","tpa fabp4"
"1umtpa","lpl","0.39229205","1.2716192",NA,NA,NA,NA,NA,NA,NA,NA,NA,0.83,0.44,1,"tpa","0.6427","GLM Gaussian"," ","tpa lpl"
"1umtpa","plin","0.41850981","1.2953423",NA,NA,NA,NA,NA,NA,NA,NA,NA,0.86,0.44,1,"tpa","0.8314","GLM Gaussian"," ","tpa plin"
"10umdeha","adipoq","0.26061644","0.862542",NA,NA,NA,NA,"0.882703",NA,NA,NA,NA,0.67,0.2,10,"deha","0.2152","Linear Model"," ","deha adipoq"
"10umdeha","dlk1","1.06437018",NA,NA,NA,NA,NA,NA,NA,NA,NA,NA,1.06,NA,10,"deha","0.0705","GLM Gaussian","o","deha dlk1"
"10umdeha","fabp4","0.15968861","1.3103934",NA,NA,NA,NA,"1.030492",NA,NA,NA,NA,0.83,0.35,10,"deha","0.8113","Linear Model"," ","deha fabp4"
"10umdeha","klf2","0.98168586",NA,NA,NA,NA,NA,NA,NA,NA,NA,NA,0.98,NA,10,"deha","0.0336","GLM Inverse Gaussian","*","deha klf2"
"10umdeha","lpl","0.46867725","1.0448772",NA,NA,NA,NA,"0.9201877",NA,NA,NA,NA,0.81,0.18,10,"deha","0.2061","GLM Gaussian"," ","deha lpl"
"10umdeha","plin","0.39776824","0.8350879",NA,NA,NA,NA,"0.7666642",NA,NA,NA,NA,0.67,0.14,10,"deha","0.1965","Linear Model"," ","deha plin"
"10umdeha","ppara",NA,NA,NA,NA,NA,NA,"0.6567123",NA,NA,NA,NA,0.66,NA,10,"deha","    NA",NA," ","deha ppara"
"10umdeha","pparg","0.4516676","0.7900413",NA,NA,NA,NA,"0.8950251",NA,NA,NA,NA,0.71,0.13,10,"deha","0.0310","GLM Gaussian","*","deha pparg"
"10umdeha","retn","0.19751033","1.1947151",NA,NA,NA,NA,"1.0917683",NA,NA,NA,NA,0.83,0.32,10,"deha","0.7846","Linear Model"," ","deha retn"
"10umdeha","sox9","0.7286679",NA,NA,NA,NA,NA,NA,NA,NA,NA,NA,0.73,NA,10,"deha","0.0705","GLM Gaussian","o","deha sox9"
"10umdehtp","adipoq","0.20026747","0.8867914","0.4263174",NA,NA,NA,NA,NA,NA,NA,NA,0.5,0.2,10,"dehtp","0.0567","GLM Gaussian","o","dehtp adipoq"
"10umdehtp","dlk1","0.82359102",NA,NA,NA,NA,NA,NA,NA,NA,NA,NA,0.82,NA,10,"dehtp","0.0705","GLM Gaussian","o","dehtp dlk1"
"10umdehtp","fabp4","0.3077861","1.0281138","0.640232",NA,NA,NA,NA,NA,NA,NA,NA,0.66,0.21,10,"dehtp","0.2619","GLM Gaussian"," ","dehtp fabp4"
"10umdehtp","klf2","1.1674278",NA,NA,NA,NA,NA,NA,NA,NA,NA,NA,1.17,NA,10,"dehtp","0.0621","GLM Inverse Gaussian","o","dehtp klf2"
"10umdehtp","lpl","0.69415673","1.1121361","0.9548416",NA,NA,NA,NA,NA,NA,NA,NA,0.92,0.12,10,"dehtp","0.8421","GLM Gaussian"," ","dehtp lpl"
"10umdehtp","plin","0.24260256","1.030492","0.4185098",NA,NA,NA,NA,NA,NA,NA,NA,0.56,0.24,10,"dehtp","0.1874","Linear Model"," ","dehtp plin"
"10umdehtp","pparg","0.35355339","0.9659363","1.0023132",NA,NA,NA,NA,NA,NA,NA,NA,0.77,0.21,10,"dehtp","0.5009","GLM Gaussian"," ","dehtp pparg"
"10umdehtp","retn","0.25290486","1.1513555","0.8066418",NA,NA,NA,NA,NA,NA,NA,NA,0.74,0.26,10,"dehtp","0.6317","GLM Gaussian"," ","dehtp retn"
"10umdehtp","sox9","0.91594529",NA,NA,NA,NA,NA,NA,NA,NA,NA,NA,0.92,NA,10,"dehtp","0.0705","GLM Gaussian","o","dehtp sox9"
"10ummecptp","adipoq",NA,NA,NA,NA,NA,NA,NA,NA,NA,NA,"1.5764361",1.58,NA,10,"mecptp","    NA",NA," ","mecptp adipoq"
"10ummecptp","cebpa",NA,NA,NA,NA,NA,NA,NA,NA,NA,NA,"1.2775089",1.28,NA,10,"mecptp","    NA",NA," ","mecptp cebpa"
"10ummecptp","dlk1",NA,NA,NA,NA,NA,NA,NA,NA,NA,NA,"0.6241653",0.62,NA,10,"mecptp","    NA",NA," ","mecptp dlk1"
"10ummecptp","fabp4",NA,NA,NA,NA,NA,NA,NA,NA,NA,NA,"1.632029",1.63,NA,10,"mecptp","    NA",NA," ","mecptp fabp4"
"10ummecptp","fasn",NA,NA,NA,NA,NA,NA,NA,NA,NA,NA,"0.9054248",0.91,NA,10,"mecptp","    NA",NA," ","mecptp fasn"
"10ummecptp","klf2",NA,NA,NA,NA,NA,NA,NA,NA,NA,NA,"0.8047802",0.8,NA,10,"mecptp","    NA",NA," ","mecptp klf2"
"10ummecptp","lpl",NA,NA,NA,NA,NA,NA,NA,NA,NA,NA,"0.8888427",0.89,NA,10,"mecptp","    NA",NA," ","mecptp lpl"
"10ummecptp","plin",NA,NA,NA,NA,NA,NA,NA,NA,NA,NA,"1.4109498",1.41,NA,10,"mecptp","    NA",NA," ","mecptp plin"
"10ummecptp","pparg",NA,NA,NA,NA,NA,NA,NA,NA,NA,NA,"1.3013419",1.3,NA,10,"mecptp","    NA",NA," ","mecptp pparg"
"10ummecptp","retn",NA,NA,NA,NA,NA,NA,NA,NA,NA,NA,"1.823445",1.82,NA,10,"mecptp","    NA",NA," ","mecptp retn"
"10ummecptp","sox9",NA,NA,NA,NA,NA,NA,NA,NA,NA,NA,"0.8293195",0.83,NA,10,"mecptp","    NA",NA," ","mecptp sox9"
"10ummecptp","srebp",NA,NA,NA,NA,NA,NA,NA,NA,NA,NA,"0.9504395",0.95,NA,10,"mecptp","    NA",NA," ","mecptp srebp"
"10ummeha","adipoq",NA,NA,NA,"0.6689638","0.4108452","0.6476711",NA,NA,NA,NA,NA,0.58,0.08,10,"meha","0.0131","GLM Gamma","*","meha adipoq"
"10ummeha","cebpa",NA,NA,NA,"0.7236346","0.8179021","0.4675956",NA,NA,NA,NA,NA,0.67,0.1,10,"meha","0.0497","GLM Gamma","*","meha cebpa"
"10ummeha","dlk1",NA,NA,NA,"0.3601492","0.7371346","0.8029229",NA,NA,NA,NA,NA,0.63,0.14,10,"meha","0.0035","GLM Gaussian","**","meha dlk1"
"10ummeha","fabp4",NA,NA,NA,"1.8617594","0.7186361","1.647182",NA,NA,NA,NA,NA,1.41,0.35,10,"meha","0.1218","GLM Gamma"," ","meha fabp4"
"10ummeha","fasn",NA,NA,NA,"0.9570503","0.7388397","1.8574628",NA,NA,NA,NA,NA,1.18,0.34,10,"meha","0.1602","GLM Inverse Gaussian"," ","meha fasn"
"10ummeha","klf2",NA,NA,NA,"0.8847448","0.8447912","1.0424658",NA,NA,NA,NA,NA,0.92,0.06,10,"meha","0.4102","GLM Inverse Gaussian"," ","meha klf2"
"10ummeha","lpl",NA,NA,NA,"0.9862327","0.6674199","0.7578583",NA,NA,NA,NA,NA,0.8,0.09,10,"meha","0.1828","GLM Inverse Gaussian"," ","meha lpl"
"10ummeha","plin",NA,NA,NA,"0.7439788","0.2176376","0.4675956",NA,NA,NA,NA,NA,0.48,0.15,10,"meha","0.0158","GLM Gamma","*","meha plin"
"10ummeha","pparg",NA,NA,NA,"0.4665165","0.7006018","0.6446852",NA,NA,NA,NA,NA,0.6,0.07,10,"meha","0.0042","GLM Inverse Gaussian","**","meha pparg"
"10ummeha","retn",NA,NA,NA,"1.8403753","0.8467453","1.3819129",NA,NA,NA,NA,NA,1.36,0.29,10,"meha","0.0427","GLM Inverse Gaussian","*","meha retn"
"10ummeha","sox9",NA,NA,NA,"0.8506672","0.6141516","0.7456997",NA,NA,NA,NA,NA,0.74,0.07,10,"meha","0.0019","GLM Gaussian","**","meha sox9"
"10ummeha","srebp",NA,NA,NA,"0.6446852","0.8408964","0.5046424",NA,NA,NA,NA,NA,0.66,0.1,10,"meha","0.0088","GLM Gamma","**","meha srebp"
"10ummehp","adipoq",NA,NA,"3.1748021","4.9933222","3.749418",NA,NA,NA,NA,NA,NA,3.97,0.54,10,"mehp","0.0000","GLM Gamma","***","mehp adipoq"
"10ummehp","cebpa",NA,NA,"1.0717735","1.3317593","1.0046317",NA,NA,NA,NA,NA,NA,1.14,0.1,10,"mehp","0.3833","GLM Inverse Gaussian"," ","mehp cebpa"
"10ummehp","dlk1",NA,NA,"0.561231","0.3763117","0.5484125",NA,NA,NA,NA,NA,NA,0.5,0.06,10,"mehp","0.0000","GLM Gaussian","***","mehp dlk1"
"10ummehp","fabp4",NA,NA,"5.6962008","7.7632819","4.7130686",NA,NA,NA,NA,NA,NA,6.06,0.9,10,"mehp","0.0000","GLM Gamma","***","mehp fabp4"
"10ummehp","fasn",NA,NA,"1.3947437","0.6506709","2.5256709",NA,NA,NA,NA,NA,NA,1.52,0.55,10,"mehp","0.0558","GLM Gamma","o","mehp fasn"
"10ummehp","klf2",NA,NA,"0.9592641","0.8867914","0.7388397",NA,NA,NA,NA,NA,NA,0.86,0.06,10,"mehp","0.3226","GLM Inverse Gaussian"," ","mehp klf2"
"10ummehp","lpl",NA,NA,"1.5157166","1.4983071","1.2113927",NA,NA,NA,NA,NA,NA,1.41,0.1,10,"mehp","0.0458","GLM Gamma","*","mehp lpl"
"10ummehp","plin",NA,NA,"1.8531761","4.3670731","1.9679133",NA,NA,NA,NA,NA,NA,2.73,0.82,10,"mehp","0.0030","GLM Gamma","**","mehp plin"
"10ummehp","pparg",NA,NA,"1.6934906","1.1892071","1.900879",NA,NA,NA,NA,NA,NA,1.59,0.21,10,"mehp","0.0000","GLM Inverse Gaussian","***","mehp pparg"
"10ummehp","retn",NA,NA,"3.1674752","4.6267527","2.6268491",NA,NA,NA,NA,NA,NA,3.47,0.6,10,"mehp","0.0000","GLM Inverse Gaussian","***","mehp retn"
"10ummehp","sox9",NA,NA,"0.7992211","0.3886832","0.4752197",NA,NA,NA,NA,NA,NA,0.55,0.12,10,"mehp","0.0001","Linear Model","***","mehp sox9"
"10ummehp","srebp",NA,NA,"0.788218","1.2058078","0.6358096",NA,NA,NA,NA,NA,NA,0.88,0.17,10,"mehp","0.7577","Linear Model"," ","mehp srebp"
"10ummehtp","adipoq",NA,NA,"0.8867914","2.5432383","0.7900413",NA,NA,NA,NA,NA,NA,1.41,0.57,10,"mehtp","0.2014","GLM Inverse Gaussian"," ","mehtp adipoq"
"10ummehtp","cebpa",NA,NA,"0.5946036","0.5309569","0.2993697",NA,NA,NA,NA,NA,NA,0.47,0.09,10,"mehtp","0.0062","GLM Gamma","**","mehtp cebpa"
"10ummehtp","dlk1",NA,NA,"0.556068","0.3950207","0.6941567",NA,NA,NA,NA,NA,NA,0.55,0.09,10,"mehtp","0.0000","GLM Gaussian","***","mehtp dlk1"
"10ummehtp","fabp4",NA,NA,"1.0817247","3.1895068","0.7136721",NA,NA,NA,NA,NA,NA,1.66,0.77,10,"mehtp","0.1800","GLM Gamma"," ","mehtp fabp4"
"10ummehtp","fasn",NA,NA,"0.9223162","0.4697614","1.5439935",NA,NA,NA,NA,NA,NA,0.98,0.31,10,"mehtp","0.4720","GLM Inverse Gaussian"," ","mehtp fasn"
"10ummehtp","klf2",NA,NA,"0.7684376","0.9117225","0.7543643",NA,NA,NA,NA,NA,NA,0.81,0.05,10,"mehtp","0.0152","Linear Model","*","mehtp klf2"
"10ummehtp","lpl",NA,NA,"1.0116194","1.5547328","0.7845841",NA,NA,NA,NA,NA,NA,1.12,0.23,10,"mehtp","0.3378","GLM Inverse Gaussian"," ","mehtp lpl"
"10ummehtp","plin",NA,NA,"1.5368752","3.7929841","0.6155722",NA,NA,NA,NA,NA,NA,1.98,0.94,10,"mehtp","0.0272","GLM Inverse Gaussian","*","mehtp plin"
"10ummehtp","pparg",NA,NA,"0.431271","0.5034778","0.5717012",NA,NA,NA,NA,NA,NA,0.5,0.04,10,"mehtp","0.0004","GLM Inverse Gaussian","***","mehtp pparg"
"10ummehtp","retn",NA,NA,"0.7405488","2.1835365","0.52003",NA,NA,NA,NA,NA,NA,1.15,0.52,10,"mehtp","0.5693","GLM Inverse Gaussian"," ","mehtp retn"
"10ummehtp","sox9",NA,NA,"0.6783022","0.3815648","0.5446243",NA,NA,NA,NA,NA,NA,0.53,0.09,10,"mehtp","0.0003","GLM Gamma","***","mehtp sox9"
"10ummehtp","srebp",NA,NA,"0.5446243","0.8312379","0.3931995",NA,NA,NA,NA,NA,NA,0.59,0.13,10,"mehtp","0.0227","Linear Model","*","mehtp srebp"
"10umtpa","fabp4","0.25941491","0.7405488",NA,NA,NA,NA,NA,NA,NA,NA,NA,0.5,0.24,10,"tpa","0.2177","GLM Gaussian"," ","tpa fabp4"
"10umtpa","lpl","0.67673676","1.1121361",NA,NA,NA,NA,NA,NA,NA,NA,NA,0.89,0.22,10,"tpa","0.8445","GLM Gaussian"," ","tpa lpl"
"10umtpa","plin","0.23218285","0.7596113",NA,NA,NA,NA,NA,NA,NA,NA,NA,0.5,0.26,10,"tpa","0.1719","GLM Gaussian"," ","tpa plin"
"20umdeha","adipoq","0.37284985","1.4405969",NA,NA,NA,NA,"0.9794203",NA,NA,NA,"1.7052698",1.12,0.29,20,"deha","0.3478","Linear Model"," ","deha adipoq"
"20umdeha","cebpa",NA,NA,NA,NA,NA,NA,NA,NA,NA,NA,"1.1276609",1.13,NA,20,"deha","    NA",NA," ","deha cebpa"
"20umdeha","dlk1","0.9794203",NA,NA,NA,NA,NA,NA,NA,NA,NA,"0.8103779",0.89,0.08,20,"deha","0.0038","GLM Gaussian","**","deha dlk1"
"20umdeha","fabp4","0.44237242","1.7411011",NA,NA,NA,NA,"0.952638",NA,NA,NA,"2.0562277",1.3,0.37,20,"deha","0.1179","Linear Model"," ","deha fabp4"
"20umdeha","fasn",NA,NA,NA,NA,NA,NA,NA,NA,NA,NA,"1.0116194",1.01,NA,20,"deha","    NA",NA," ","deha fasn"
"20umdeha","klf2","1.24544962",NA,NA,NA,NA,NA,NA,NA,NA,NA,"1.0545786",1.15,0.1,20,"deha","0.0003","GLM Inverse Gaussian","***","deha klf2"
"20umdeha","lpl","0.67830216","1.0545786",NA,NA,NA,NA,"0.8705506",NA,NA,NA,"1.0668322",0.92,0.09,20,"deha","0.4807","GLM Gaussian"," ","deha lpl"
"20umdeha","plin","0.23325825","1.6934906",NA,NA,NA,NA,"0.7474246",NA,NA,NA,"1.2983386",0.99,0.32,20,"deha","0.9715","Linear Model"," ","deha plin"
"20umdeha","ppara",NA,NA,NA,NA,NA,NA,"0.862542",NA,NA,NA,NA,0.86,NA,20,"deha","    NA",NA," ","deha ppara"
"20umdeha","pparg","0.59323132","0.8103779",NA,NA,NA,NA,"1.0046317",NA,NA,NA,"1.057018",0.87,0.11,20,"deha","0.1692","GLM Gaussian"," ","deha pparg"
"20umdeha","retn","0.43527528","1.883392",NA,NA,NA,NA,"1.104454",NA,NA,NA,"1.9141006",1.33,0.35,20,"deha","0.0790","Linear Model","o","deha retn"
"20umdeha","sox9","0.7253085",NA,NA,NA,NA,NA,NA,NA,NA,NA,"0.918064",0.82,0.1,20,"deha","0.0004","GLM Gaussian","***","deha sox9"
"20umdeha","srebp",NA,NA,NA,NA,NA,NA,NA,NA,NA,NA,"0.9704102",0.97,NA,20,"deha","    NA",NA," ","deha srebp"
"20umdehtp","adipoq","0.17394061","0.8526349","0.5421134",NA,NA,NA,NA,NA,NA,NA,"1.0257411",0.65,0.19,20,"dehtp","0.0721","GLM Gaussian","o","dehtp adipoq"
"20umdehtp","cebpa",NA,NA,NA,NA,NA,NA,NA,NA,NA,NA,"0.9223162",0.92,NA,20,"dehtp","    NA",NA," ","dehtp cebpa"
"20umdehtp","dlk1","0.71697762",NA,NA,NA,NA,NA,NA,NA,NA,NA,"0.8010699",0.76,0.04,20,"dehtp","0.0000","GLM Gaussian","***","dehtp dlk1"
"20umdehtp","fabp4","0.23706151","1.0817247","0.6567123",NA,NA,NA,NA,NA,NA,NA,"1.1302694",0.78,0.21,20,"dehtp","0.3012","GLM Gaussian"," ","dehtp fabp4"
"20umdehtp","fasn",NA,NA,NA,NA,NA,NA,NA,NA,NA,NA,"0.9159453",0.92,NA,20,"dehtp","    NA",NA," ","dehtp fasn"
"20umdehtp","klf2","1.11470864",NA,NA,NA,NA,NA,NA,NA,NA,NA,"0.941696",1.03,0.09,20,"dehtp","0.3597","GLM Inverse Gaussian"," ","dehtp klf2"
"20umdehtp","lpl","0.53712632","1.1276609","1.1434025",NA,NA,NA,NA,NA,NA,NA,"0.9223162",0.93,0.14,20,"dehtp","0.7179","GLM Gaussian"," ","dehtp lpl"
"20umdehtp","plin","0.19569335","1.1095695","0.7253085",NA,NA,NA,NA,NA,NA,NA,"1.0163049",0.76,0.21,20,"dehtp","0.3614","Linear Model"," ","dehtp plin"
"20umdehtp","pparg","0.41947789","0.8428415","1.0993621",NA,NA,NA,NA,NA,NA,NA,"0.8428415",0.8,0.14,20,"dehtp","0.3452","GLM Gaussian"," ","dehtp pparg"
"20umdehtp","retn","0.22118621","0.988514","0.9033352",NA,NA,NA,NA,NA,NA,NA,"1.2141949",0.83,0.21,20,"dehtp","0.6051","GLM Gaussian"," ","dehtp retn"
"20umdehtp","sox9","0.83316068",NA,NA,NA,NA,NA,NA,NA,NA,NA,"0.8447912",0.84,0.01,20,"dehtp","0.0000","GLM Gaussian","***","dehtp sox9"
"20umdehtp","srebp",NA,NA,NA,NA,NA,NA,NA,NA,NA,NA,"0.8685415",0.87,NA,20,"dehtp","    NA",NA," ","dehtp srebp"
"20ummecptp","adipoq",NA,NA,NA,NA,NA,NA,NA,NA,NA,NA,"1.1701283",1.17,NA,20,"mecptp","    NA",NA," ","mecptp adipoq"
"20ummecptp","cebpa",NA,NA,NA,NA,NA,NA,NA,NA,NA,NA,"1.0717735",1.07,NA,20,"mecptp","    NA",NA," ","mecptp cebpa"
"20ummecptp","dlk1",NA,NA,NA,NA,NA,NA,NA,NA,NA,NA,"0.7561093",0.76,NA,20,"mecptp","    NA",NA," ","mecptp dlk1"
"20ummecptp","fabp4",NA,NA,NA,NA,NA,NA,NA,NA,NA,NA,"1.2657566",1.27,NA,20,"mecptp","    NA",NA," ","mecptp fabp4"
"20ummecptp","fasn",NA,NA,NA,NA,NA,NA,NA,NA,NA,NA,"0.9033352",0.9,NA,20,"mecptp","    NA",NA," ","mecptp fasn"
"20ummecptp","klf2",NA,NA,NA,NA,NA,NA,NA,NA,NA,NA,"0.9592641",0.96,NA,20,"mecptp","    NA",NA," ","mecptp klf2"
"20ummecptp","lpl",NA,NA,NA,NA,NA,NA,NA,NA,NA,NA,"1.0116194",1.01,NA,20,"mecptp","    NA",NA," ","mecptp lpl"
"20ummecptp","plin",NA,NA,NA,NA,NA,NA,NA,NA,NA,NA,"1.1620456",1.16,NA,20,"mecptp","    NA",NA," ","mecptp plin"
"20ummecptp","pparg",NA,NA,NA,NA,NA,NA,NA,NA,NA,NA,"1.0069556",1.01,NA,20,"mecptp","    NA",NA," ","mecptp pparg"
"20ummecptp","retn",NA,NA,NA,NA,NA,NA,NA,NA,NA,NA,"1.5227369",1.52,NA,20,"mecptp","    NA",NA," ","mecptp retn"
"20ummecptp","sox9",NA,NA,NA,NA,NA,NA,NA,NA,NA,NA,"0.8991705",0.9,NA,20,"mecptp","    NA",NA," ","mecptp sox9"
"20ummecptp","srebp",NA,NA,NA,NA,NA,NA,NA,NA,NA,NA,"0.8991705",0.9,NA,20,"mecptp","    NA",NA," ","mecptp srebp"
"20ummeha","adipoq",NA,NA,NA,"1.2058078","0.7648948","1.2058078",NA,"1.7151483","1.5874011","2.9383373",NA,1.57,0.31,20,"meha","0.0195","GLM Gamma","*","meha adipoq"
"20ummeha","cebpa",NA,NA,NA,"0.7791646","1.0717735","0.6001243",NA,"1.1933357","1.1172871","1.1988629",NA,0.99,0.1,20,"meha","0.9455","GLM Gamma"," ","meha cebpa"
"20ummeha","dlk1",NA,NA,NA,NA,NA,NA,NA,"0.5952909","0.5810228","0.580352",NA,0.59,0,20,"meha","0.0005","GLM Gaussian","***","meha dlk1"
"20ummeha","fabp4",NA,NA,NA,"3.4501681","1.3503499","2.6087041",NA,"1.7390909","1.4879575","3.4621462",NA,2.35,0.39,20,"meha","0.0000","GLM Gamma","***","meha fabp4"
"20ummeha","fasn",NA,NA,NA,"0.9659363","0.9930925","2.0046263",NA,"1.0293022","1.0521448","1.9385796",NA,1.33,0.2,20,"meha","0.0838","GLM Inverse Gaussian","o","meha fasn"
"20ummeha","klf2",NA,NA,NA,NA,NA,NA,NA,"1.087991","1.1095695","1.1394466",NA,1.11,0.01,20,"meha","0.3172","GLM Inverse Gaussian"," ","meha klf2"
"20ummeha","lpl",NA,NA,NA,"1.1728349","0.8141313","0.819794",NA,"1.0057929","0.9138315","1.7511872",NA,1.08,0.14,20,"meha","0.6019","GLM Inverse Gaussian"," ","meha lpl"
"20ummeha","plin",NA,NA,NA,"1.3503499","0.5433674","0.933033",NA,"1.5892359","1.4640857","3.2005799",NA,1.51,0.37,20,"meha","0.0960","GLM Gamma","o","meha plin"
"20ummeha","pparg",NA,NA,NA,"0.5783441","0.819794","0.8847448",NA,"0.9233823","0.8274056","1.3963559",NA,0.91,0.11,20,"meha","0.2561","GLM Inverse Gaussian"," ","meha pparg"
"20ummeha","retn",NA,NA,NA,"2.9896985","1.3348399","2.1534751",NA,"1.8004198","1.737083","3.2527652",NA,2.21,0.31,20,"meha","0.0000","GLM Inverse Gaussian","***","meha retn"
"20ummeha","sox9",NA,NA,NA,NA,NA,NA,NA,"0.9896567","0.5690655","0.6589922",NA,0.74,0.13,20,"meha","0.0085","GLM Gaussian","**","meha sox9"
"20ummeha","srebp",NA,NA,NA,"0.6551967","0.882703","0.5891336",NA,"0.9002099","0.8929595","0.985094",NA,0.82,0.06,20,"meha","0.0602","GLM Gamma","o","meha srebp"
"20ummehp","adipoq",NA,NA,"6.1475007","12.1257325","5.5404379",NA,NA,"4.6859233","7.0290676","7.185059",NA,7.12,1.07,20,"mehp","0.0000","GLM Gamma","***","mehp adipoq"
"20ummehp","cebpa",NA,NA,"2.8088898","2.4452806","1.591073",NA,NA,"1.5493538","3.087987","2.5344394",NA,2.34,0.26,20,"mehp","0.0000","GLM Inverse Gaussian","***","mehp cebpa"
"20ummehp","dlk1",NA,NA,NA,NA,NA,NA,NA,"0.4779727","0.417544","0.4277975",NA,0.44,0.02,20,"mehp","0.0000","GLM Gaussian","***","mehp dlk1"
"20ummehp","fabp4",NA,NA,"13.4854647","24.2514651","8.7341461",NA,NA,"11.8899164","9.1050483","9.5246539",NA,12.83,2.4,20,"mehp","0.0000","GLM Gamma","***","mehp fabp4"
"20ummehp","fasn",NA,NA,"2.5491213","1.3073692","3.3249516",NA,NA,"1.3363828","2.5256709","3.510476",NA,2.43,0.39,20,"mehp","0.0001","GLM Gamma","***","mehp fasn"
"20ummehp","klf2",NA,NA,NA,NA,NA,NA,NA,"1.226885","0.97716","0.9648211",NA,1.06,0.09,20,"mehp","0.7373","GLM Inverse Gaussian"," ","mehp klf2"
"20ummehp","lpl",NA,NA,"2.537369","2.7638258","1.6974079",NA,NA,"2.5344394","2.7132087","3.3830707",NA,2.6,0.22,20,"mehp","0.0000","GLM Gamma","***","mehp lpl"
"20ummehp","plin",NA,NA,"5.6699395","14.5875598","2.8349697",NA,NA,"5.3455313","8.168097","6.0140353",NA,7.1,1.65,20,"mehp","0.0000","GLM Gamma","***","mehp plin"
"20ummehp","pparg",NA,NA,"2.5140267","1.7983411","2.3619853",NA,NA,"1.9074783","2.5024363","2.4424573",NA,2.25,0.13,20,"mehp","0.0000","GLM Inverse Gaussian","***","mehp pparg"
"20ummehp","retn",NA,NA,"5.3640896","8.4171588","3.1968846",NA,NA,"6.5507799","6.4233831","6.3716484",NA,6.05,0.7,20,"mehp","0.0000","GLM Inverse Gaussian","***","mehp retn"
"20ummehp","sox9",NA,NA,NA,NA,NA,NA,NA,"0.9449653","0.4051889","0.4553349",NA,0.6,0.17,20,"mehp","0.0024","Linear Model","**","mehp sox9"
"20ummehp","srebp",NA,NA,"1.4306459","1.4810976","0.9373545",NA,NA,"1.0316832","1.6895823","1.7962647",NA,1.39,0.14,20,"mehp","0.0124","Linear Model","*","mehp srebp"
"20ummehtp","adipoq",NA,NA,"1.8488993","5.9932283","1.0742526",NA,NA,"2.8316965","2.8218996","4.2722616",NA,3.14,0.72,20,"mehtp","0.0029","GLM Inverse Gaussian","**","mehtp adipoq"
"20ummehtp","cebpa",NA,NA,"0.6536846","0.8786335","0.2959311",NA,NA,"0.8477241","0.866537","1.2072016",NA,0.79,0.12,20,"mehtp","0.1573","GLM Gamma"," ","mehtp cebpa"
"20ummehtp","dlk1",NA,NA,NA,NA,NA,NA,NA,"0.4994227","0.5408623","0.5040598",NA,0.51,0.01,20,"mehtp","0.0000","GLM Gaussian","***","mehtp dlk1"
"20ummehtp","fabp4",NA,NA,"3.4501681","8.0929555","1.2226403",NA,NA,"5.2476324","4.1602397","5.4452565",NA,4.6,0.94,20,"mehtp","0.0000","GLM Gamma","***","mehtp fabp4"
"20ummehtp","fasn",NA,NA,"1.3534735","0.4137028","1.785919",NA,NA,"1.1850928","1.8318906","3.8061524",NA,1.73,0.47,20,"mehtp","0.0366","GLM Inverse Gaussian","*","mehtp fasn"
"20ummehtp","klf2",NA,NA,NA,NA,NA,NA,NA,"0.9648211","1.2657566","0.9559453",NA,1.06,0.1,20,"mehtp","0.3646","Linear Model"," ","mehtp klf2"
"20ummehtp","lpl",NA,NA,"1.4983071","2.0897543","0.848704",NA,NA,"1.2468893","1.450617","2.1709603",NA,1.55,0.21,20,"mehtp","0.0065","GLM Inverse Gaussian","**","mehtp lpl"
"20ummehtp","plin",NA,NA,"2.8153872","10.7281792","0.9794203",NA,NA,"2.2423322","1.9453099","4.5263035",NA,3.87,1.45,20,"mehtp","0.0015","GLM Inverse Gaussian","**","mehtp plin"
"20ummehtp","pparg",NA,NA,"0.5837139","0.7702151","0.5891336",NA,NA,"0.8898701","0.9159453","1.3739536",NA,0.85,0.12,20,"mehtp","0.1171","GLM Inverse Gaussian"," ","mehtp pparg"
"20ummehtp","retn",NA,NA,"0.9930925","3.0384453","0.4263174",NA,NA,"2.5579712","1.6701758","2.8712256",NA,1.93,0.44,20,"mehtp","0.0505","GLM Inverse Gaussian","o","mehtp retn"
"20ummehtp","sox9",NA,NA,NA,NA,NA,NA,NA,"0.7693258","0.4372913","0.4532357",NA,0.55,0.11,20,"mehtp","0.0041","GLM Gamma","**","mehtp sox9"
"20ummehtp","srebp",NA,NA,"0.6643429","1.1728349","0.4383029",NA,NA,"0.6901587","0.856584","0.9988454",NA,0.8,0.11,20,"mehtp","0.1117","Linear Model"," ","mehtp srebp"
"20umtpa","fabp4","0.24037076","1.2113927",NA,NA,NA,NA,NA,NA,NA,NA,NA,0.73,0.49,20,"tpa","0.5618","GLM Gaussian"," ","tpa fabp4"
"20umtpa","lpl","0.56906552","1.2254684",NA,NA,NA,NA,NA,NA,NA,NA,NA,0.9,0.33,20,"tpa","0.8540","GLM Gaussian"," ","tpa lpl"
"20umtpa","plin","0.25115792","1.1460474",NA,NA,NA,NA,NA,NA,NA,NA,NA,0.7,0.45,20,"tpa","0.4638","GLM Gaussian"," ","tpa plin"
"50umdeha","adipoq",NA,NA,NA,NA,NA,NA,NA,NA,NA,NA,"1.0281138",1.03,NA,50,"deha","0.0401","Linear Model","*","deha adipoq"
"50umdeha","cebpa",NA,NA,NA,NA,NA,NA,NA,NA,NA,NA,"0.8428415",0.84,NA,50,"deha","    NA",NA," ","deha cebpa"
"50umdeha","dlk1",NA,NA,NA,NA,NA,NA,NA,NA,NA,NA,"0.7120251",0.71,NA,50,"deha","0.0705","GLM Gaussian","o","deha dlk1"
"50umdeha","fabp4",NA,NA,NA,NA,NA,NA,NA,NA,NA,NA,"0.9816859",0.98,NA,50,"deha","0.0674","Linear Model","o","deha fabp4"
"50umdeha","fasn",NA,NA,NA,NA,NA,NA,NA,NA,NA,NA,"0.8991705",0.9,NA,50,"deha","    NA",NA," ","deha fasn"
"50umdeha","klf2",NA,NA,NA,NA,NA,NA,NA,NA,NA,NA,"0.8447912",0.84,NA,50,"deha","0.0336","GLM Inverse Gaussian","*","deha klf2"
"50umdeha","lpl",NA,NA,NA,NA,NA,NA,NA,NA,NA,NA,"0.7702151",0.77,NA,50,"deha","0.1649","GLM Gaussian"," ","deha lpl"
"50umdeha","plin",NA,NA,NA,NA,NA,NA,NA,NA,NA,NA,"0.9308797",0.93,NA,50,"deha","0.3702","Linear Model"," ","deha plin"
"50umdeha","pparg",NA,NA,NA,NA,NA,NA,NA,NA,NA,NA,"0.7439788",0.74,NA,50,"deha","0.0016","GLM Gaussian","**","deha pparg"
"50umdeha","retn",NA,NA,NA,NA,NA,NA,NA,NA,NA,NA,"1.4439292",1.44,NA,50,"deha","0.0649","Linear Model","o","deha retn"
"50umdeha","sox9",NA,NA,NA,NA,NA,NA,NA,NA,NA,NA,"0.6070974",0.61,NA,50,"deha","0.0705","GLM Gaussian","o","deha sox9"
"50umdeha","srebp",NA,NA,NA,NA,NA,NA,NA,NA,NA,NA,"0.6846001",0.68,NA,50,"deha","    NA",NA," ","deha srebp"
"50umdehtp","adipoq",NA,NA,NA,NA,NA,NA,NA,NA,NA,NA,"0.823591",0.82,NA,50,"dehtp","0.1924","GLM Gaussian"," ","dehtp adipoq"
"50umdehtp","cebpa",NA,NA,NA,NA,NA,NA,NA,NA,NA,NA,"0.6285067",0.63,NA,50,"dehtp","    NA",NA," ","dehtp cebpa"
"50umdehtp","dlk1",NA,NA,NA,NA,NA,NA,NA,NA,NA,NA,"0.6491693",0.65,NA,50,"dehtp","0.0705","GLM Gaussian","o","dehtp dlk1"
"50umdehtp","fabp4",NA,NA,NA,NA,NA,NA,NA,NA,NA,NA,"0.8725643",0.87,NA,50,"dehtp","0.1648","GLM Gaussian"," ","dehtp fabp4"
"50umdehtp","fasn",NA,NA,NA,NA,NA,NA,NA,NA,NA,NA,"0.8745827",0.87,NA,50,"dehtp","    NA",NA," ","dehtp fasn"
"50umdehtp","klf2",NA,NA,NA,NA,NA,NA,NA,NA,NA,NA,"0.8312379",0.83,NA,50,"dehtp","0.0621","GLM Inverse Gaussian","o","dehtp klf2"
"50umdehtp","lpl",NA,NA,NA,NA,NA,NA,NA,NA,NA,NA,"0.7422618",0.74,NA,50,"dehtp","0.4347","GLM Gaussian"," ","dehtp lpl"
"50umdehtp","plin",NA,NA,NA,NA,NA,NA,NA,NA,NA,NA,"0.7136721",0.71,NA,50,"dehtp","0.4543","Linear Model"," ","dehtp plin"
"50umdehtp","pparg",NA,NA,NA,NA,NA,NA,NA,NA,NA,NA,"0.6783022",0.68,NA,50,"dehtp","0.2787","GLM Gaussian"," ","dehtp pparg"
"50umdehtp","retn",NA,NA,NA,NA,NA,NA,NA,NA,NA,NA,"1.2058078",1.21,NA,50,"dehtp","0.1441","GLM Gaussian"," ","dehtp retn"
"50umdehtp","sox9",NA,NA,NA,NA,NA,NA,NA,NA,NA,NA,"0.552227",0.55,NA,50,"dehtp","0.0705","GLM Gaussian","o","dehtp sox9"
"50umdehtp","srebp",NA,NA,NA,NA,NA,NA,NA,NA,NA,NA,"0.5891336",0.59,NA,50,"dehtp","    NA",NA," ","dehtp srebp"
"50ummecptp","adipoq",NA,NA,NA,NA,NA,NA,NA,NA,NA,NA,"1.2198186",1.22,NA,50,"mecptp","    NA",NA," ","mecptp adipoq"
"50ummecptp","cebpa",NA,NA,NA,NA,NA,NA,NA,NA,NA,NA,"0.9117225",0.91,NA,50,"mecptp","    NA",NA," ","mecptp cebpa"
"50ummecptp","dlk1",NA,NA,NA,NA,NA,NA,NA,NA,NA,NA,"0.715323",0.72,NA,50,"mecptp","    NA",NA," ","mecptp dlk1"
"50ummecptp","fabp4",NA,NA,NA,NA,NA,NA,NA,NA,NA,NA,"1.5122186",1.51,NA,50,"mecptp","    NA",NA," ","mecptp fabp4"
"50ummecptp","fasn",NA,NA,NA,NA,NA,NA,NA,NA,NA,NA,"0.9351912",0.94,NA,50,"mecptp","    NA",NA," ","mecptp fasn"
"50ummecptp","klf2",NA,NA,NA,NA,NA,NA,NA,NA,NA,NA,"0.9287314",0.93,NA,50,"mecptp","    NA",NA," ","mecptp klf2"
"50ummecptp","lpl",NA,NA,NA,NA,NA,NA,NA,NA,NA,NA,"0.9908006",0.99,NA,50,"mecptp","    NA",NA," ","mecptp lpl"
"50ummecptp","plin",NA,NA,NA,NA,NA,NA,NA,NA,NA,NA,"1.0116194",1.01,NA,50,"mecptp","    NA",NA," ","mecptp plin"
"50ummecptp","pparg",NA,NA,NA,NA,NA,NA,NA,NA,NA,NA,"0.9373545",0.94,NA,50,"mecptp","    NA",NA," ","mecptp pparg"
"50ummecptp","retn",NA,NA,NA,NA,NA,NA,NA,NA,NA,NA,"1.7613317",1.76,NA,50,"mecptp","    NA",NA," ","mecptp retn"
"50ummecptp","sox9",NA,NA,NA,NA,NA,NA,NA,NA,NA,NA,"0.7087424",0.71,NA,50,"mecptp","    NA",NA," ","mecptp sox9"
"50ummecptp","srebp",NA,NA,NA,NA,NA,NA,NA,NA,NA,NA,"0.6491693",0.65,NA,50,"mecptp","    NA",NA," ","mecptp srebp"
"50ummeha","adipoq",NA,NA,NA,NA,NA,NA,NA,"2.2371572","3.5471656","5.7291985",NA,3.84,1.02,50,"meha","0.0000","GLM Gamma","***","meha adipoq"
"50ummeha","cebpa",NA,NA,NA,NA,NA,NA,NA,"1.2555621","1.8066704","1.9118906",NA,1.66,0.2,50,"meha","0.0147","GLM Gamma","*","meha cebpa"
"50ummeha","dlk1",NA,NA,NA,NA,NA,NA,NA,"0.4532357","0.5128706","0.4056573",NA,0.46,0.03,50,"meha","0.0000","GLM Gaussian","***","meha dlk1"
"50ummeha","fabp4",NA,NA,NA,NA,NA,NA,NA,"2.4594459","4.2085794","4.3822344",NA,3.68,0.61,50,"meha","0.0000","GLM Gamma","***","meha fabp4"
"50ummeha","fasn",NA,NA,NA,NA,NA,NA,NA,"1.4556532","1.6701758","2.0825243",NA,1.74,0.18,50,"meha","0.0388","GLM Inverse Gaussian","*","meha fasn"
"50ummeha","klf2",NA,NA,NA,NA,NA,NA,NA,"0.8399255","1.1809927","0.8457677",NA,0.96,0.11,50,"meha","0.5178","GLM Inverse Gaussian"," ","meha klf2"
"50ummeha","lpl",NA,NA,NA,NA,NA,NA,NA,"1.1315759","1.5837376","2.499547",NA,1.74,0.4,50,"meha","0.0043","GLM Inverse Gaussian","**","meha lpl"
"50ummeha","plin",NA,NA,NA,NA,NA,NA,NA,"2.7862667","3.1310937","4.3822344",NA,3.43,0.48,50,"meha","0.0005","GLM Gamma","***","meha plin"
"50ummeha","pparg",NA,NA,NA,NA,NA,NA,NA,"0.9537392","1.4339552","1.5457782",NA,1.31,0.18,50,"meha","0.2463","GLM Inverse Gaussian"," ","meha pparg"
"50ummeha","retn",NA,NA,NA,NA,NA,NA,NA,"1.7350774","3.9358266","4.1267327",NA,3.27,0.77,50,"meha","0.0000","GLM Inverse Gaussian","***","meha retn"
"50ummeha","sox9",NA,NA,NA,NA,NA,NA,NA,"0.7517544","0.459032","0.4160994",NA,0.54,0.11,50,"meha","0.0000","GLM Gaussian","***","meha sox9"
"50ummeha","srebp",NA,NA,NA,NA,NA,NA,NA,"0.938438","0.8786335","1.1769067",NA,1,0.09,50,"meha","0.8496","GLM Gamma"," ","meha srebp"
"50ummehp","adipoq",NA,NA,NA,NA,NA,NA,NA,"13.3768513","13.5166588","10.1377576",NA,12.34,1.1,50,"mehp","0.0000","GLM Gamma","***","mehp adipoq"
"50ummehp","cebpa",NA,NA,NA,NA,NA,NA,NA,"2.2012658","5.3764976","2.3214078",NA,3.3,1.04,50,"mehp","0.0000","GLM Inverse Gaussian","***","mehp cebpa"
"50ummehp","dlk1",NA,NA,NA,NA,NA,NA,NA,"0.1914447","0.2594149","0.1875049",NA,0.21,0.02,50,"mehp","0.0000","GLM Gaussian","***","mehp dlk1"
"50ummehp","fabp4",NA,NA,NA,NA,NA,NA,NA,"62.3218721","31.6324487","13.2844507",NA,35.75,14.3,50,"mehp","0.0000","GLM Gamma","***","mehp fabp4"
"50ummehp","fasn",NA,NA,NA,NA,NA,NA,NA,"2.6117196","2.6390158","2.2165768",NA,2.49,0.14,50,"mehp","0.0016","GLM Gamma","**","mehp fasn"
"50ummehp","klf2",NA,NA,NA,NA,NA,NA,NA,"0.6651108","1.2311444","1.2099941",NA,1.04,0.19,50,"mehp","0.8422","GLM Inverse Gaussian"," ","mehp klf2"
"50ummehp","lpl",NA,NA,NA,NA,NA,NA,NA,"7.7007555","3.9815587","4.3219029",NA,5.33,1.19,50,"mehp","0.0000","GLM Gamma","***","mehp lpl"
"50ummehp","plin",NA,NA,NA,NA,NA,NA,NA,"17.0102605","15.101989","8.5840987",NA,13.57,2.55,50,"mehp","0.0000","GLM Gamma","***","mehp plin"
"50ummehp","pparg",NA,NA,NA,NA,NA,NA,NA,"4.7843845","5.709377","2.9793549",NA,4.49,0.8,50,"mehp","0.0000","GLM Inverse Gaussian","***","mehp pparg"
"50ummehp","retn",NA,NA,NA,NA,NA,NA,NA,"26.8776171","13.6106746","5.1993574",NA,15.23,6.31,50,"mehp","0.0000","GLM Inverse Gaussian","***","mehp retn"
"50ummehp","sox9",NA,NA,NA,NA,NA,NA,NA,"0.4616912","0.3560125","0.3613996",NA,0.39,0.03,50,"mehp","0.0000","Linear Model","***","mehp sox9"
"50ummehp","srebp",NA,NA,NA,NA,NA,NA,NA,"1.4793875","2.1584565","2.2579288",NA,1.97,0.24,50,"mehp","0.0001","Linear Model","***","mehp srebp"
"50ummehtp","adipoq",NA,NA,NA,NA,NA,NA,NA,"1.7511872","4.1988667","10.0444964",NA,5.33,2.46,50,"mehtp","0.0021","GLM Inverse Gaussian","**","mehtp adipoq"
"50ummehtp","cebpa",NA,NA,NA,NA,NA,NA,NA,"0.7836782","1.8108495","2.3107054",NA,1.64,0.45,50,"mehtp","0.0540","GLM Gamma","o","mehtp cebpa"
"50ummehtp","dlk1",NA,NA,NA,NA,NA,NA,NA,"0.3227152","0.3842188","0.2567317",NA,0.32,0.04,50,"mehtp","0.0000","GLM Gaussian","***","mehtp dlk1"
"50ummehtp","fabp4",NA,NA,NA,NA,NA,NA,NA,"3.510476","6.6039689","16.0926871",NA,8.74,3.79,50,"mehtp","0.0000","GLM Gamma","***","mehtp fabp4"
"50ummehtp","fasn",NA,NA,NA,NA,NA,NA,NA,"1.0269268","2.0514822","4.8736411",NA,2.65,1.15,50,"mehtp","0.0287","GLM Inverse Gaussian","*","mehtp fasn"
"50ummehtp","klf2",NA,NA,NA,NA,NA,NA,NA,"0.5503164","0.9075192","0.7693258",NA,0.74,0.1,50,"mehtp","0.0031","Linear Model","**","mehtp klf2"
"50ummehtp","lpl",NA,NA,NA,NA,NA,NA,NA,"1.0174797","1.5227369","5.1159423",NA,2.55,1.29,50,"mehtp","0.0005","GLM Inverse Gaussian","***","mehtp lpl"
"50ummehtp","plin",NA,NA,NA,NA,NA,NA,NA,"2.2841647","4.1029645","7.6652526",NA,4.68,1.58,50,"mehtp","0.0012","GLM Inverse Gaussian","**","mehtp plin"
"50ummehtp","pparg",NA,NA,NA,NA,NA,NA,NA,"0.8169577","1.2775089","2.1361308",NA,1.41,0.39,50,"mehtp","0.1465","GLM Inverse Gaussian"," ","mehtp pparg"
"50ummehtp","retn",NA,NA,NA,NA,NA,NA,NA,"0.7640117","1.639588","3.1202609",NA,1.84,0.69,50,"mehtp","0.1449","GLM Inverse Gaussian"," ","mehtp retn"
"50ummehtp","sox9",NA,NA,NA,NA,NA,NA,NA,"0.4469958","0.3576615","0.2585174",NA,0.35,0.05,50,"mehtp","0.0000","GLM Gamma","***","mehtp sox9"
"50ummehtp","srebp",NA,NA,NA,NA,NA,NA,NA,"0.7675504","0.7900413","1.4623953",NA,1.01,0.23,50,"mehtp","0.9405","Linear Model"," ","mehtp srebp"
"100umdeha","adipoq",NA,NA,NA,NA,NA,NA,NA,NA,NA,NA,"1.0842269",1.08,NA,100,"deha","0.0199","Linear Model","*","deha adipoq"
"100umdeha","cebpa",NA,NA,NA,NA,NA,NA,NA,NA,NA,NA,"0.6767368",0.68,NA,100,"deha","    NA",NA," ","deha cebpa"
"100umdeha","dlk1",NA,NA,NA,NA,NA,NA,NA,NA,NA,NA,"0.7684376",0.77,NA,100,"deha","0.0038","GLM Gaussian","**","deha dlk1"
"100umdeha","fabp4",NA,NA,NA,NA,NA,NA,NA,NA,NA,NA,"1.1328839",1.13,NA,100,"deha","0.0343","Linear Model","*","deha fabp4"
"100umdeha","fasn",NA,NA,NA,NA,NA,NA,NA,NA,NA,NA,"1.0424658",1.04,NA,100,"deha","    NA",NA," ","deha fasn"
"100umdeha","klf2",NA,NA,NA,NA,NA,NA,NA,NA,NA,NA,"0.9592641",0.96,NA,100,"deha","0.0003","GLM Inverse Gaussian","***","deha klf2"
"100umdeha","lpl",NA,NA,NA,NA,NA,NA,NA,NA,NA,NA,"0.8312379",0.83,NA,100,"deha","0.0539","GLM Gaussian","o","deha lpl"
"100umdeha","plin",NA,NA,NA,NA,NA,NA,NA,NA,NA,NA,"0.9159453",0.92,NA,100,"deha","0.0506","Linear Model","o","deha plin"
"100umdeha","pparg",NA,NA,NA,NA,NA,NA,NA,NA,NA,NA,"0.7202984",0.72,NA,100,"deha","0.0194","GLM Gaussian","*","deha pparg"
"100umdeha","retn",NA,NA,NA,NA,NA,NA,NA,NA,NA,NA,"1.4142136",1.41,NA,100,"deha","0.0546","Linear Model","o","deha retn"
"100umdeha","sox9",NA,NA,NA,NA,NA,NA,NA,NA,NA,NA,"0.7202984",0.72,NA,100,"deha","0.0004","GLM Gaussian","***","deha sox9"
"100umdeha","srebp",NA,NA,NA,NA,NA,NA,NA,NA,NA,NA,"0.7439788",0.74,NA,100,"deha","    NA",NA," ","deha srebp"
"100umdehtp","adipoq",NA,NA,NA,NA,NA,NA,NA,NA,NA,NA,"0.9096184",0.91,NA,100,"dehtp","0.0260","GLM Gaussian","*","dehtp adipoq"
"100umdehtp","cebpa",NA,NA,NA,NA,NA,NA,NA,NA,NA,NA,"0.6328783",0.63,NA,100,"dehtp","    NA",NA," ","dehtp cebpa"
"100umdehtp","dlk1",NA,NA,NA,NA,NA,NA,NA,NA,NA,NA,"0.7702151",0.77,NA,100,"dehtp","0.0000","GLM Gaussian","***","dehtp dlk1"
"100umdehtp","fabp4",NA,NA,NA,NA,NA,NA,NA,NA,NA,NA,"0.9592641",0.96,NA,100,"dehtp","0.0539","GLM Gaussian","o","dehtp fabp4"
"100umdehtp","fasn",NA,NA,NA,NA,NA,NA,NA,NA,NA,NA,"0.9033352",0.9,NA,100,"dehtp","    NA",NA," ","dehtp fasn"
"100umdehtp","klf2",NA,NA,NA,NA,NA,NA,NA,NA,NA,NA,"0.8029229",0.8,NA,100,"dehtp","0.3597","GLM Inverse Gaussian"," ","dehtp klf2"
"100umdehtp","lpl",NA,NA,NA,NA,NA,NA,NA,NA,NA,NA,"0.8047802",0.8,NA,100,"dehtp","0.6345","GLM Gaussian"," ","dehtp lpl"
"100umdehtp","plin",NA,NA,NA,NA,NA,NA,NA,NA,NA,NA,"0.9117225",0.91,NA,100,"dehtp","0.1050","Linear Model"," ","dehtp plin"
"100umdehtp","pparg",NA,NA,NA,NA,NA,NA,NA,NA,NA,NA,"0.8103779",0.81,NA,100,"dehtp","0.4699","GLM Gaussian"," ","dehtp pparg"
"100umdehtp","retn",NA,NA,NA,NA,NA,NA,NA,NA,NA,NA,"1.1147086",1.11,NA,100,"dehtp","0.3818","GLM Gaussian"," ","dehtp retn"
"100umdehtp","sox9",NA,NA,NA,NA,NA,NA,NA,NA,NA,NA,"0.7526234",0.75,NA,100,"dehtp","0.0000","GLM Gaussian","***","dehtp sox9"
"100umdehtp","srebp",NA,NA,NA,NA,NA,NA,NA,NA,NA,NA,"0.7773664",0.78,NA,100,"dehtp","    NA",NA," ","dehtp srebp"
"100ummecptp","adipoq",NA,NA,NA,NA,NA,NA,NA,NA,NA,NA,"1.5984423",1.6,NA,100,"mecptp","    NA",NA," ","mecptp adipoq"
"100ummecptp","cebpa",NA,NA,NA,NA,NA,NA,NA,NA,NA,NA,"0.9504395",0.95,NA,100,"mecptp","    NA",NA," ","mecptp cebpa"
"100ummecptp","dlk1",NA,NA,NA,NA,NA,NA,NA,NA,NA,NA,"0.7022224",0.7,NA,100,"mecptp","    NA",NA," ","mecptp dlk1"
"100ummecptp","fabp4",NA,NA,NA,NA,NA,NA,NA,NA,NA,NA,"2.250117",2.25,NA,100,"mecptp","    NA",NA," ","mecptp fabp4"
"100ummecptp","fasn",NA,NA,NA,NA,NA,NA,NA,NA,NA,NA,"1.0867349",1.09,NA,100,"mecptp","    NA",NA," ","mecptp fasn"
"100ummecptp","klf2",NA,NA,NA,NA,NA,NA,NA,NA,NA,NA,"0.8216903",0.82,NA,100,"mecptp","    NA",NA," ","mecptp klf2"
"100ummecptp","lpl",NA,NA,NA,NA,NA,NA,NA,NA,NA,NA,"1.2483305",1.25,NA,100,"mecptp","    NA",NA," ","mecptp lpl"
"100ummecptp","plin",NA,NA,NA,NA,NA,NA,NA,NA,NA,NA,"1.8318906",1.83,NA,100,"mecptp","    NA",NA," ","mecptp plin"
"100ummecptp","pparg",NA,NA,NA,NA,NA,NA,NA,NA,NA,NA,"1.1172871",1.12,NA,100,"mecptp","    NA",NA," ","mecptp pparg"
"100ummecptp","retn",NA,NA,NA,NA,NA,NA,NA,NA,NA,NA,"2.1042897",2.1,NA,100,"mecptp","    NA",NA," ","mecptp retn"
"100ummecptp","sox9",NA,NA,NA,NA,NA,NA,NA,NA,NA,NA,"0.7439788",0.74,NA,100,"mecptp","    NA",NA," ","mecptp sox9"
"100ummecptp","srebp",NA,NA,NA,NA,NA,NA,NA,NA,NA,NA,"0.8991705",0.9,NA,100,"mecptp","    NA",NA," ","mecptp srebp"
"100ummeha","adipoq",NA,NA,NA,NA,NA,NA,NA,"3.8861278","9.5136569","10.5438755",NA,7.98,2.07,100,"meha","0.0000","GLM Gamma","***","meha adipoq"
"100ummeha","cebpa",NA,NA,NA,NA,NA,NA,NA,"1.4691686","3.7929841","3.048994",NA,2.77,0.69,100,"meha","0.0000","GLM Gamma","***","meha cebpa"
"100ummeha","dlk1",NA,NA,NA,NA,NA,NA,NA,"0.4367864","0.652176","0.3597334",NA,0.48,0.09,100,"meha","0.0001","GLM Gaussian","***","meha dlk1"
"100ummeha","fabp4",NA,NA,NA,NA,NA,NA,NA,"5.1396377","10.5073964","11.0425388",NA,8.9,1.88,100,"meha","0.0000","GLM Gamma","***","meha fabp4"
"100ummeha","fasn",NA,NA,NA,NA,NA,NA,NA,"1.755238","3.2191207","3.5348933",NA,2.84,0.55,100,"meha","0.0025","GLM Inverse Gaussian","**","meha fasn"
"100ummeha","klf2",NA,NA,NA,NA,NA,NA,NA,"0.9737793","1.6170153","0.938438",NA,1.18,0.22,100,"meha","0.1173","GLM Inverse Gaussian"," ","meha klf2"
"100ummeha","lpl",NA,NA,NA,NA,NA,NA,NA,"1.7072409","3.9449308","5.3455313",NA,3.67,1.06,100,"meha","0.0000","GLM Inverse Gaussian","***","meha lpl"
"100ummeha","plin",NA,NA,NA,NA,NA,NA,NA,"4.9531054","9.3178687","7.8263158",NA,7.37,1.28,100,"meha","0.0000","GLM Gamma","***","meha plin"
"100ummeha","pparg",NA,NA,NA,NA,NA,NA,NA,"1.5422108","3.1821459","3.1858242",NA,2.64,0.55,100,"meha","0.0002","GLM Inverse Gaussian","***","meha pparg"
"100ummeha","retn",NA,NA,NA,NA,NA,NA,NA,"3.6258854","8.8560703","10.0213155",NA,7.5,1.97,100,"meha","0.0000","GLM Inverse Gaussian","***","meha retn"
"100ummeha","sox9",NA,NA,NA,NA,NA,NA,NA,"0.7062904","0.5770094","0.4122715",NA,0.57,0.09,100,"meha","0.0001","GLM Gaussian","***","meha sox9"
"100ummeha","srebp",NA,NA,NA,NA,NA,NA,NA,"1.1082884","1.8276629","1.6721064",NA,1.54,0.22,100,"meha","0.0065","GLM Gamma","**","meha srebp"
"100ummehp","adipoq",NA,NA,NA,NA,NA,NA,NA,"20.8455375","9.6019893","7.1189608",NA,12.52,4.22,100,"mehp","0.0000","GLM Gamma","***","mehp adipoq"
"100ummehp","cebpa",NA,NA,NA,NA,NA,NA,NA,"4.3519641","2.5906845","2.2947442",NA,3.08,0.64,100,"mehp","0.0000","GLM Inverse Gaussian","***","mehp cebpa"
"100ummehp","dlk1",NA,NA,NA,NA,NA,NA,NA,"0.20566","0.2186457","0.1941172",NA,0.21,0.01,100,"mehp","0.0000","GLM Gaussian","***","mehp dlk1"
"100ummehp","fabp4",NA,NA,NA,NA,NA,NA,NA,"78.3394268","25.6342361","16.8927621",NA,40.29,19.19,100,"mehp","0.0000","GLM Gamma","***","mehp fabp4"
"100ummehp","fasn",NA,NA,NA,NA,NA,NA,NA,"2.4765527","1.4674724","2.1361308",NA,2.03,0.3,100,"mehp","0.0121","GLM Gamma","*","mehp fasn"
"100ummehp","klf2",NA,NA,NA,NA,NA,NA,NA,"0.6574714","1.8150383","1.524497",NA,1.33,0.35,100,"mehp","0.0731","GLM Inverse Gaussian","o","mehp klf2"
"100ummehp","lpl",NA,NA,NA,NA,NA,NA,NA,"7.7722555","4.4898482","4.8736411",NA,5.71,1.04,100,"mehp","0.0000","GLM Gamma","***","mehp lpl"
"100ummehp","plin",NA,NA,NA,NA,NA,NA,NA,"29.7537582","12.1257325","13.2537925",NA,18.38,5.7,100,"mehp","0.0000","GLM Gamma","***","mehp plin"
"100ummehp","pparg",NA,NA,NA,NA,NA,NA,NA,"4.8623936","4.8343882","3.8414918",NA,4.51,0.34,100,"mehp","0.0000","GLM Inverse Gaussian","***","mehp pparg"
"100ummehp","retn",NA,NA,NA,NA,NA,NA,NA,"21.0390842","4.8455709","2.4880233",NA,9.46,5.83,100,"mehp","0.0000","GLM Inverse Gaussian","***","mehp retn"
"100ummehp","sox9",NA,NA,NA,NA,NA,NA,NA,"0.4542841","0.4807415","0.6022078",NA,0.51,0.05,100,"mehp","0.0003","Linear Model","***","mehp sox9"
"100ummehp","srebp",NA,NA,NA,NA,NA,NA,NA,"1.9030762","2.0046263","2.5227548",NA,2.14,0.19,100,"mehp","0.0000","Linear Model","***","mehp srebp"
"100ummehtp","adipoq",NA,NA,NA,NA,NA,NA,NA,"4.773343","5.4138941","6.9885832",NA,5.73,0.66,100,"mehtp","0.0020","GLM Inverse Gaussian","**","mehtp adipoq"
"100ummehtp","cebpa",NA,NA,NA,NA,NA,NA,NA,"0.9406088","2.1435469","2.3107054",NA,1.8,0.43,100,"mehtp","0.0203","GLM Gamma","*","mehtp cebpa"
"100ummehtp","dlk1",NA,NA,NA,NA,NA,NA,NA,"0.3212274","0.3021493","0.1972823",NA,0.27,0.04,100,"mehtp","0.0000","GLM Gaussian","***","mehtp dlk1"
"100ummehtp","fabp4",NA,NA,NA,NA,NA,NA,NA,"13.5322829","8.436629","17.9386572",NA,13.3,2.75,100,"mehtp","0.0000","GLM Gamma","***","mehtp fabp4"
"100ummehtp","fasn",NA,NA,NA,NA,NA,NA,NA,"1.8045845","2.0562277","3.4942916",NA,2.45,0.53,100,"mehtp","0.0354","GLM Inverse Gaussian","*","mehtp fasn"
"100ummehtp","klf2",NA,NA,NA,NA,NA,NA,NA,"0.7465617","0.8293195","0.6965667",NA,0.76,0.04,100,"mehtp","0.0049","Linear Model","**","mehtp klf2"
"100ummehtp","lpl",NA,NA,NA,NA,NA,NA,NA,"1.970188","2.1734697","5.0338655",NA,3.06,0.99,100,"mehtp","0.0002","GLM Inverse Gaussian","***","mehtp lpl"
"100ummehtp","plin",NA,NA,NA,NA,NA,NA,NA,"6.79748","6.2621873","9.9981881",NA,7.69,1.17,100,"mehtp","0.0008","GLM Inverse Gaussian","***","mehtp plin"
"100ummehtp","pparg",NA,NA,NA,NA,NA,NA,NA,"1.1878341","1.3225601","1.956579",NA,1.49,0.24,100,"mehtp","0.0783","GLM Inverse Gaussian","o","mehtp pparg"
"100ummehtp","retn",NA,NA,NA,NA,NA,NA,NA,"1.110852","0.8216903","0.9873727",NA,0.97,0.08,100,"mehtp","0.8154","GLM Inverse Gaussian"," ","mehtp retn"
"100ummehtp","sox9",NA,NA,NA,NA,NA,NA,NA,"0.4459643","0.3193772","0.2949073",NA,0.35,0.05,100,"mehtp","0.0000","GLM Gamma","***","mehtp sox9"
"100ummehtp","srebp",NA,NA,NA,NA,NA,NA,NA,"0.9581566","0.9637071","1.3028461",NA,1.07,0.11,100,"mehtp","0.7088","Linear Model"," ","mehtp srebp"
"100umretinoicacid","adipoq",NA,NA,NA,NA,NA,NA,NA,"1.637695","0.9659363","1.5457782",NA,1.38,0.21,100,"retinoicacid","0.0007","GLM Inverse Gaussian","***","retinoicacid adipoq"
"100umretinoicacid","cebpa",NA,NA,NA,NA,NA,NA,NA,"0.2173864","0.1626677","0.3364195",NA,0.24,0.05,100,"retinoicacid","0.0000","GLM Gaussian","***","retinoicacid cebpa"
"100umretinoicacid","dlk1",NA,NA,NA,NA,NA,NA,NA,"1.087991","0.8141313","0.9255182",NA,0.94,0.08,100,"retinoicacid","0.2866","GLM Gaussian"," ","retinoicacid dlk1"
"100umretinoicacid","fabp4",NA,NA,NA,NA,NA,NA,NA,"1.8129427","1.2628355","1.2212286",NA,1.43,0.19,100,"retinoicacid","0.0001","GLM Inverse Gaussian","***","retinoicacid fabp4"
"100umretinoicacid","fasn",NA,NA,NA,NA,NA,NA,NA,"1.1082884","0.8806659","1.110852",NA,1.03,0.08,100,"retinoicacid","0.5070","GLM Gaussian"," ","retinoicacid fasn"
"100umretinoicacid","klf2",NA,NA,NA,NA,NA,NA,NA,"0.9805524","1.3534735","1.0174797",NA,1.12,0.12,100,"retinoicacid","0.0989","GLM Inverse Gaussian","o","retinoicacid klf2"
"100umretinoicacid","lpl",NA,NA,NA,NA,NA,NA,NA,"0.5377472","0.8685415","1.2099941",NA,0.87,0.19,100,"retinoicacid","0.1760","GLM Gaussian"," ","retinoicacid lpl"
"100umretinoicacid","plin",NA,NA,NA,NA,NA,NA,NA,"0.600818","0.3171711","2.131201",NA,1.02,0.56,100,"retinoicacid","0.9146","GLM Gamma"," ","retinoicacid plin"
"100umretinoicacid","pparg",NA,NA,NA,NA,NA,NA,NA,"1.0412622","0.6056964","0.7482886",NA,0.8,0.13,100,"retinoicacid","0.0147","GLM Gaussian","*","retinoicacid pparg"
"100umretinoicacid","retn",NA,NA,NA,NA,NA,NA,NA,"0.604997","0.3519234","0.6106143",NA,0.52,0.09,100,"retinoicacid","0.0000","GLM Gaussian","***","retinoicacid retn"
"100umretinoicacid","sox9",NA,NA,NA,NA,NA,NA,NA,"0.7552363","0.8085077","0.7396938",NA,0.77,0.02,100,"retinoicacid","0.0000","GLM Gaussian","***","retinoicacid sox9"
"100umretinoicacid","srebp",NA,NA,NA,NA,NA,NA,NA,"0.824543","0.6387544","0.5158416",NA,0.66,0.09,100,"retinoicacid","0.0003","GLM Gaussian","***","retinoicacid srebp"
"mi","adipoq","0.33274756","0.8552656","0.5427401","0.9908526","0.5840512","0.6177093","0.5134634","0.7346692","0.887919","1.0140766","1.0725992",0.74,0.07,NA,"mi","0.0011","GLM Gaussian","**","mi adipoq"
"mi","cebpa",NA,NA,"0.5017359","0.5737162","0.4514068","0.5599358",NA,"0.7492401","0.5487928","0.6882478","0.9809301",0.63,0.06,NA,"mi","0.0000","GLM Gaussian","***","mi cebpa"
"mi","dlk1","0.73784459",NA,"0.6434451","0.497721","0.6838096","0.7278266",NA,"0.6779888","0.620642","0.6862629","0.7337362",0.67,0.03,NA,"mi","0.0000","GLM Gaussian","***","mi dlk1"
"mi","fabp4","0.24613129","1.0017344","0.6099093","1.3295233","0.5212329","0.8360532","0.4649025","0.910775","0.7233003","0.9315252","1.0100624",0.78,0.09,NA,"mi","0.0280","GLM Gaussian","*","mi fabp4"
"mi","fasn",NA,NA,"0.7564005","0.637682","0.8883294","1.1620456",NA,"0.7618964","0.8463541","1.1001244","1.048101",0.9,0.07,NA,"mi","0.1369","GLM Gaussian"," ","mi fasn"
"mi","klf2","0.87273231",NA,"0.8919285","0.9665452","0.794618","0.9681707",NA,"1.3630451","1.1428742","1.0462058","0.9194792",1,0.06,NA,"mi","0.9455","GLM Inverse Gaussian"," ","mi klf2"
"mi","lpl","0.53930251","1.1127787","0.9709709","1.1434625","0.7495864","0.8341237","0.7354334","1.1969255","0.7770073","0.8468431","0.877957",0.89,0.06,NA,"mi","0.0897","GLM Gaussian","o","mi lpl"
"mi","plin","0.49482833","1.1573565","0.5644822","1.1388484","0.4115577","0.5218354","0.6001243","0.6377222","0.5984627","1.1514885","0.8799879",0.74,0.09,NA,"mi","0.0086","GLM Gaussian","**","mi plin"
"mi","ppara",NA,NA,NA,NA,NA,NA,"0.5952909",NA,NA,NA,NA,0.6,NA,NA,"mi","    NA",NA," ","mi ppara"
"mi","pparg",NA,"0.9230268","0.8278837","0.7530978","0.8006073","0.7561093","0.7964561","0.896681","0.7505395","0.8807676","0.9794203",0.84,0.03,NA,"mi","0.0000","GLM Gaussian","***","mi pparg"
"mi","retn","0.32690525","1.1027541","0.7071068","1.4390091","0.6643429","0.8615462","0.5547847","0.8868938","0.8313339","1.1290948","1.1241923",0.88,0.09,NA,"mi","0.2010","GLM Gaussian"," ","mi retn"
"mi","sox9","0.82565507",NA,"0.7903456","0.7038838","0.6458033","0.7422618",NA,"1.1330148","0.6930349","0.739352","0.9387994",0.8,0.05,NA,"mi","0.0015","GLM Gaussian","**","mi sox9"
"mi","srebp",NA,NA,"0.6785634","0.8155861","0.6015125","0.6372803",NA,"0.7116961","0.7279107","0.9165804","0.8970954",0.75,0.04,NA,"mi","0.0000","GLM Gaussian","***","mi srebp"
"mid","adipoq","7.90811216","161.6429378","32.5969859","116.0283332","40.504211","86.2229489","19.927194","46.1523861","11.8351001","8.0929555","12.9361224",49.44,15.32,NA,"mid","0.0000","GLM Gamma","***","mid adipoq"
"mid","cebpa",NA,NA,"4.9018738","5.8360814","5.9107178","5.5789747",NA,"7.6123048","1.8899307","3.087987","2.560928",4.67,0.7,NA,"mid","0.0000","GLM Inverse Gaussian","***","mid cebpa"
"mid","dlk1","0.25525303",NA,"0.2966157","0.3891325","0.3913867","0.3824474",NA,"0.458502","0.299024","0.2925321","0.2279306",0.33,0.03,NA,"mid","0.0000","GLM Gaussian","***","mid dlk1"
"mid","fabp4","7.90811216","153.9872046","51.2684722","157.0412771","36.5044389","82.1392574","20.6776453","59.6451668","16.9318378","9.9176616","18.3367578",55.85,16.39,NA,"mid","0.0000","GLM Gamma","***","mid fabp4"
"mid","fasn",NA,NA,"4.7458505","6.3863871","5.3640896","6.408559",NA,"5.9449582","2.1911172","2.9349447","2.4283898",4.55,0.63,NA,"mid","0.0000","GLM Inverse Gaussian","***","mid fasn"
"mid","klf2","1.07673757",NA,"0.8467453","0.6544402","1.1070088","0.786399",NA,"0.8150723","1.2908607","1.2834259","1.1974787",1.01,0.08,NA,"mid","0.9330","Linear Model"," ","mid klf2"
"mid","lpl","5.63077434","10.0328993","12.4954706","13.7211865","12.758027","12.4091581","9.3826796","9.6799527","7.0534708","6.3790135","8.4561443",9.82,0.84,NA,"mid","0.0000","GLM Inverse Gaussian","***","mid lpl"
"mid","plin","10.50739645",NA,"21.2099111","104.3292585","31.4139474","58.0812259","17.5897938","36.6311731","9.9062109","12.7285837","18.8087665",32.12,9.28,NA,"mid","0.0000","GLM Gamma","***","mid plin"
"mid","ppara",NA,NA,NA,NA,NA,NA,"38.4079573",NA,NA,NA,NA,38.41,NA,NA,"mid","    NA",NA," ","mid ppara"
"mid","pparg","11.33987894","11.418754","15.4549813","17.2876117","16.7180344","13.737047","9.8491553","11.1966869","9.1577933","8.1116758","10.3149625",12.24,0.94,NA,"mid","0.0000","GLM Inverse Gaussian","***","mid pparg"
"mid","retn","9.6911419","343.3017338","81.5718801","261.0773215","71.6717827","190.4585618","31.269119","176.6806212","27.442373","15.3128049","30.2738447",112.61,34.22,NA,"mid","0.0000","GLM Inverse Gaussian","***","mid retn"
"mid","sox9","0.42730359",NA,"0.5212329","0.4812972","0.6372803","0.4686772",NA,"0.3597334","0.6439408","0.7253085","0.7354334",0.56,0.04,NA,"mid","0.0000","GLM Gaussian","***","mid sox9"
"mid","srebp",NA,NA,"2.4966611","2.45377","3.5064229","2.9827988",NA,"2.7163449","1.7921193","2.3729253","2.434007",2.59,0.18,NA,"mid","0.0000","GLM Inverse Gaussian","***","mid srebp"
"mie","adipoq","1","1","1","1","1","1","1","1","1","1","1",1,0,NA,"mie","    NA",NA," ","mie adipoq"
"mie","cebpa",NA,NA,"1","1","1","1",NA,"1","1","1","1",1,0,NA,"mie","    NA",NA," ","mie cebpa"
"mie","dlk1","1",NA,"1","1","1","1",NA,"1","1","1","1",1,0,NA,"mie","    NA",NA," ","mie dlk1"
"mie","fabp4","1","1","1","1","1","1","1","1","1","1","1",1,0,NA,"mie","    NA",NA," ","mie fabp4"
"mie","fasn",NA,NA,"1","1","1","1",NA,"1","1","1","1",1,0,NA,"mie","    NA",NA," ","mie fasn"
"mie","klf2","1",NA,"1","1","1","1",NA,"1","1","1","1",1,0,NA,"mie","    NA",NA," ","mie klf2"
"mie","lpl","1","1","1","1","1","1","1","1","1","1","1",1,0,NA,"mie","    NA",NA," ","mie lpl"
"mie","plin","1","1","1","1","1","1","1","1","1","1","1",1,0,NA,"mie","    NA",NA," ","mie plin"
"mie","ppara",NA,NA,NA,NA,NA,NA,"1",NA,NA,NA,NA,1,NA,NA,"mie","    NA",NA," ","mie ppara"
"mie","pparg","1","1","1","1","1","1","1","1","1","1","1",1,0,NA,"mie","    NA",NA," ","mie pparg"
"mie","retn","1","1","1","1","1","1","1","1","1","1","1",1,0,NA,"mie","    NA",NA," ","mie retn"
"mie","sox9","1",NA,"1","1","1","1",NA,"1","1","1","1",1,0,NA,"mie","    NA",NA," ","mie sox9"
"mie","srebp",NA,NA,"1","1","1","1",NA,"1","1","1","1",1,0,NA,"mie","    NA",NA," ","mie srebp"
"mir","adipoq","10.65407424",NA,"37.617533","78.7932425","42.9127167","24.4766351","26.4769799","30.4844159","23.1563078","16.3929092","30.4844159",32.14,5.97,NA,"mir","0.0000","GLM Gamma","***","mir adipoq"
"mir","cebpa",NA,NA,"8.7745998","7.3275623","8.6139005","3.0314331",NA,"6.9644045","4.0746232","3.4781818","3.4983307",5.72,0.86,NA,"mir","0.0000","GLM Inverse Gaussian","***","mir cebpa"
"mir","dlk1","0.53961412",NA,"0.459032","0.6015125","0.5093279","0.6736168",NA,"0.5796819","0.4840853","0.4151391","0.4080072",0.52,0.03,NA,"mir","0.0000","GLM Gaussian","***","mir dlk1"
"mir","fabp4","9.21084384","106.6445675","51.7444897","109.6427544","45.1503938","35.1795876","33.2819179","41.2598499","42.2242531","12.0280706","32",47.12,9.89,NA,"mir","0.0000","GLM Gamma","***","mir fabp4"
"mir","fasn",NA,NA,"7.94474","7.4127045","8.1492465","3.5471656",NA,"7.3785295","6.0488742","3.7886048","4.5315355",6.1,0.67,NA,"mir","0.0000","GLM Inverse Gaussian","***","mir fasn"
"mir","klf2","0.93303299",NA,"0.8447912","0.6767368","0.8585654","0.8103779",NA,"0.5891336","0.9659363","0.9670529","1.0867349",0.86,0.05,NA,"mir","0.0152","GLM Gaussian","*","mir klf2"
"mir","lpl","5.35171022","8.436629","12.1537813","10.2437118","12.758027","4.8680141","8.0185053","7.516182","7.5335681","6.2694259","8.9589728",8.37,0.77,NA,"mir","0.0000","GLM Inverse Gaussian","***","mir lpl"
"mir","plin","10.87793898",NA,"29.9261199","74.8882082","37.5307184","25.2229772","25.7529655","30.8386278","13.23849","13.3768513","25.4571675",28.71,5.81,NA,"mir","0.0000","GLM Gamma","***","mir plin"
"mir","ppara",NA,NA,NA,NA,NA,NA,"8.5940212",NA,NA,NA,NA,8.59,NA,NA,"mir","    NA",NA," ","mir ppara"
"mir","pparg","7.29377991","6.619245","10.2911574","8.2439362","8.5741877","3.0104935","6.2766728","5.4894692","8.0742784","5.6896241","8.7341461",7.12,0.6,NA,"mir","0.0000","GLM Inverse Gaussian","***","mir pparg"
"mir","retn","6.19025997",NA,"46.5271206","91.5613397","44.0173382","27.3474296","29.9261199","48.6151253","31.1249583","11.7533491","31.6324487",36.87,7.49,NA,"mir","0.0000","GLM Gamma","***","mir retn"
"mir","sox9","0.60290391",NA,"0.5446243","0.5946036","0.4558612","0.7236346",NA,"0.4976948","0.5717012","0.6134425","0.5471469",0.57,0.03,NA,"mir","0.0000","GLM Gaussian","***","mir sox9"
"mir","srebp",NA,NA,"2.8153872","1.9953844","3.09513","1.3692001",NA,"2.3402565","1.8703825","2.2371572","1.9274142",2.21,0.19,NA,"mir","0.0000","GLM Inverse Gaussian","***","mir srebp"
