"chemical","gene","RQ1","RQ2","RQ3","RQ4","RQ5","RQ6","RQ7","RQ8","RQ9","RQ10","RQ11"
"0.01umdeha","adipoq",0.15,0.73,NA,NA,NA,NA,0.45,NA,NA,NA,NA
"0.01umdeha","dlk1",0.91,NA,NA,NA,NA,NA,NA,NA,NA,NA,NA
"0.01umdeha","fabp4",0.1,0.59,NA,NA,NA,NA,0.4,NA,NA,NA,NA
"0.01umdeha","klf2",1.08,NA,NA,NA,NA,NA,NA,NA,NA,NA,NA
"0.01umdeha","lpl",0.43,1.02,NA,NA,NA,NA,0.72,NA,NA,NA,NA
"0.01umdeha","plin",0.18,0.88,NA,NA,NA,NA,0.47,NA,NA,NA,NA
"0.01umdeha","ppara",NA,NA,NA,NA,NA,NA,0.67,NA,NA,NA,NA
"0.01umdeha","pparg",0.44,0.75,NA,NA,NA,NA,0.89,NA,NA,NA,NA
"0.01umdeha","retn",0.13,0.73,NA,NA,NA,NA,0.42,NA,NA,NA,NA
"0.01umdeha","sox9",0.78,NA,NA,NA,NA,NA,NA,NA,NA,NA,NA
"0.01umdehtp","adipoq",0.22,0.71,0.37,NA,NA,NA,NA,NA,NA,NA,NA
"0.01umdehtp","dlk1",1.05,NA,NA,NA,NA,NA,NA,NA,NA,NA,NA
"0.01umdehtp","fabp4",0.15,0.84,0.47,NA,NA,NA,NA,NA,NA,NA,NA
"0.01umdehtp","klf2",0.87,NA,NA,NA,NA,NA,NA,NA,NA,NA,NA
"0.01umdehtp","lpl",0.49,1.15,0.99,NA,NA,NA,NA,NA,NA,NA,NA
"0.01umdehtp","plin",0.32,0.68,0.44,NA,NA,NA,NA,NA,NA,NA,NA
"0.01umdehtp","pparg",0.28,1.03,0.98,NA,NA,NA,NA,NA,NA,NA,NA
"0.01umdehtp","retn",0.2,1.08,0.64,NA,NA,NA,NA,NA,NA,NA,NA
"0.01umdehtp","sox9",0.82,NA,NA,NA,NA,NA,NA,NA,NA,NA,NA
"0.01ummeha","adipoq",NA,NA,NA,0.44,0.48,0.46,NA,NA,NA,NA,NA
"0.01ummeha","cebpa",NA,NA,NA,0.88,0.96,0.47,NA,NA,NA,NA,NA
"0.01ummeha","dlk1",NA,NA,NA,0.52,0.94,0.96,NA,NA,NA,NA,NA
"0.01ummeha","fabp4",NA,NA,NA,0.98,0.73,0.79,NA,NA,NA,NA,NA
"0.01ummeha","fasn",NA,NA,NA,0.87,0.79,1.65,NA,NA,NA,NA,NA
"0.01ummeha","klf2",NA,NA,NA,1,0.99,1.1,NA,NA,NA,NA,NA
"0.01ummeha","lpl",NA,NA,NA,0.98,0.74,0.76,NA,NA,NA,NA,NA
"0.01ummeha","plin",NA,NA,NA,0.7,0.37,0.34,NA,NA,NA,NA,NA
"0.01ummeha","pparg",NA,NA,NA,0.61,0.86,0.86,NA,NA,NA,NA,NA
"0.01ummeha","retn",NA,NA,NA,0.95,0.93,0.86,NA,NA,NA,NA,NA
"0.01ummeha","sox9",NA,NA,NA,0.91,0.88,1.03,NA,NA,NA,NA,NA
"0.01ummeha","srebp",NA,NA,NA,0.82,0.9,0.56,NA,NA,NA,NA,NA
"0.01ummehp","adipoq",NA,NA,0.73,1.16,0.75,NA,NA,NA,NA,NA,NA
"0.01ummehp","cebpa",NA,NA,0.78,0.79,0.55,NA,NA,NA,NA,NA,NA
"0.01ummehp","dlk1",NA,NA,0.81,0.48,0.76,NA,NA,NA,NA,NA,NA
"0.01ummehp","fabp4",NA,NA,0.88,1.46,0.66,NA,NA,NA,NA,NA,NA
"0.01ummehp","fasn",NA,NA,0.77,0.55,1.42,NA,NA,NA,NA,NA,NA
"0.01ummehp","klf2",NA,NA,1.14,1,0.82,NA,NA,NA,NA,NA,NA
"0.01ummehp","lpl",NA,NA,0.9,1,0.65,NA,NA,NA,NA,NA,NA
"0.01ummehp","plin",NA,NA,0.58,0.84,0.41,NA,NA,NA,NA,NA,NA
"0.01ummehp","pparg",NA,NA,1.04,1,1.18,NA,NA,NA,NA,NA,NA
"0.01ummehp","retn",NA,NA,0.84,1.34,0.7,NA,NA,NA,NA,NA,NA
"0.01ummehp","sox9",NA,NA,0.98,0.6,0.8,NA,NA,NA,NA,NA,NA
"0.01ummehp","srebp",NA,NA,0.85,1.02,0.59,NA,NA,NA,NA,NA,NA
"0.01ummehtp","adipoq",NA,NA,0.52,1.33,0.5,NA,NA,NA,NA,NA,NA
"0.01ummehtp","cebpa",NA,NA,0.83,0.71,0.44,NA,NA,NA,NA,NA,NA
"0.01ummehtp","dlk1",NA,NA,0.86,0.49,0.81,NA,NA,NA,NA,NA,NA
"0.01ummehtp","fabp4",NA,NA,0.45,1.59,0.43,NA,NA,NA,NA,NA,NA
"0.01ummehtp","fasn",NA,NA,0.81,0.46,1.42,NA,NA,NA,NA,NA,NA
"0.01ummehtp","klf2",NA,NA,0.97,0.96,0.89,NA,NA,NA,NA,NA,NA
"0.01ummehtp","lpl",NA,NA,1.13,1.51,0.9,NA,NA,NA,NA,NA,NA
"0.01ummehtp","plin",NA,NA,0.93,2.02,0.52,NA,NA,NA,NA,NA,NA
"0.01ummehtp","pparg",NA,NA,0.64,0.6,0.81,NA,NA,NA,NA,NA,NA
"0.01ummehtp","retn",NA,NA,0.53,1.79,0.49,NA,NA,NA,NA,NA,NA
"0.01ummehtp","sox9",NA,NA,1.02,0.62,0.85,NA,NA,NA,NA,NA,NA
"0.01ummehtp","srebp",NA,NA,0.82,0.94,0.55,NA,NA,NA,NA,NA,NA
"0.01umtpa","fabp4",0.13,0.98,NA,NA,NA,NA,NA,NA,NA,NA,NA
"0.01umtpa","lpl",0.48,1,NA,NA,NA,NA,NA,NA,NA,NA,NA
"0.01umtpa","plin",0.27,1.2,NA,NA,NA,NA,NA,NA,NA,NA,NA
"0.1umdeha","adipoq",0.18,0.46,NA,NA,NA,NA,0.48,NA,NA,NA,NA
"0.1umdeha","dlk1",0.99,NA,NA,NA,NA,NA,NA,NA,NA,NA,NA
"0.1umdeha","fabp4",0.23,0.3,NA,NA,NA,NA,0.46,NA,NA,NA,NA
"0.1umdeha","klf2",1.26,NA,NA,NA,NA,NA,NA,NA,NA,NA,NA
"0.1umdeha","lpl",0.63,0.71,NA,NA,NA,NA,0.75,NA,NA,NA,NA
"0.1umdeha","plin",0.19,0.66,NA,NA,NA,NA,0.51,NA,NA,NA,NA
"0.1umdeha","ppara",NA,NA,NA,NA,NA,NA,0.61,NA,NA,NA,NA
"0.1umdeha","pparg",0.67,0.55,NA,NA,NA,NA,0.82,NA,NA,NA,NA
"0.1umdeha","retn",0.24,0.32,NA,NA,NA,NA,0.54,NA,NA,NA,NA
"0.1umdeha","sox9",1.04,NA,NA,NA,NA,NA,NA,NA,NA,NA,NA
"0.1umdehtp","adipoq",0.25,0.82,0.43,NA,NA,NA,NA,NA,NA,NA,NA
"0.1umdehtp","dlk1",0.93,NA,NA,NA,NA,NA,NA,NA,NA,NA,NA
"0.1umdehtp","fabp4",0.34,0.56,0.56,NA,NA,NA,NA,NA,NA,NA,NA
"0.1umdehtp","klf2",1.46,NA,NA,NA,NA,NA,NA,NA,NA,NA,NA
"0.1umdehtp","lpl",0.77,0.94,1.04,NA,NA,NA,NA,NA,NA,NA,NA
"0.1umdehtp","plin",0.38,1.26,0.48,NA,NA,NA,NA,NA,NA,NA,NA
"0.1umdehtp","pparg",0.38,0.8,1.14,NA,NA,NA,NA,NA,NA,NA,NA
"0.1umdehtp","retn",0.38,0.97,0.87,NA,NA,NA,NA,NA,NA,NA,NA
"0.1umdehtp","sox9",0.82,NA,NA,NA,NA,NA,NA,NA,NA,NA,NA
"0.1ummeha","adipoq",NA,NA,NA,0.64,0.41,0.36,NA,NA,NA,NA,NA
"0.1ummeha","cebpa",NA,NA,NA,1.06,1.04,0.47,NA,NA,NA,NA,NA
"0.1ummeha","dlk1",NA,NA,NA,0.5,0.92,0.84,NA,NA,NA,NA,NA
"0.1ummeha","fabp4",NA,NA,NA,1.41,0.61,0.81,NA,NA,NA,NA,NA
"0.1ummeha","fasn",NA,NA,NA,0.83,0.8,1.57,NA,NA,NA,NA,NA
"0.1ummeha","klf2",NA,NA,NA,1,0.98,1.08,NA,NA,NA,NA,NA
"0.1ummeha","lpl",NA,NA,NA,1.12,0.74,0.75,NA,NA,NA,NA,NA
"0.1ummeha","plin",NA,NA,NA,0.79,0.3,0.29,NA,NA,NA,NA,NA
"0.1ummeha","pparg",NA,NA,NA,0.59,0.84,0.64,NA,NA,NA,NA,NA
"0.1ummeha","retn",NA,NA,NA,1.63,0.82,0.73,NA,NA,NA,NA,NA
"0.1ummeha","sox9",NA,NA,NA,1,0.81,0.88,NA,NA,NA,NA,NA
"0.1ummeha","srebp",NA,NA,NA,0.73,0.92,0.52,NA,NA,NA,NA,NA
"0.1ummehp","adipoq",NA,NA,0.65,1.95,0.77,NA,NA,NA,NA,NA,NA
"0.1ummehp","cebpa",NA,NA,0.82,0.88,0.57,NA,NA,NA,NA,NA,NA
"0.1ummehp","dlk1",NA,NA,0.69,0.45,0.69,NA,NA,NA,NA,NA,NA
"0.1ummehp","fabp4",NA,NA,0.62,2.35,0.65,NA,NA,NA,NA,NA,NA
"0.1ummehp","fasn",NA,NA,0.91,0.61,1.46,NA,NA,NA,NA,NA,NA
"0.1ummehp","klf2",NA,NA,0.98,1.12,0.82,NA,NA,NA,NA,NA,NA
"0.1ummehp","lpl",NA,NA,0.68,1.17,0.55,NA,NA,NA,NA,NA,NA
"0.1ummehp","plin",NA,NA,0.47,1.62,0.4,NA,NA,NA,NA,NA,NA
"0.1ummehp","pparg",NA,NA,0.92,1.16,1.04,NA,NA,NA,NA,NA,NA
"0.1ummehp","retn",NA,NA,0.73,2.38,0.72,NA,NA,NA,NA,NA,NA
"0.1ummehp","sox9",NA,NA,0.95,0.62,0.7,NA,NA,NA,NA,NA,NA
"0.1ummehp","srebp",NA,NA,0.81,1.09,0.53,NA,NA,NA,NA,NA,NA
"0.1ummehtp","adipoq",NA,NA,0.46,1.52,0.55,NA,NA,NA,NA,NA,NA
"0.1ummehtp","cebpa",NA,NA,0.59,0.64,0.44,NA,NA,NA,NA,NA,NA
"0.1ummehtp","dlk1",NA,NA,0.76,0.43,0.74,NA,NA,NA,NA,NA,NA
"0.1ummehtp","fabp4",NA,NA,0.48,1.59,0.38,NA,NA,NA,NA,NA,NA
"0.1ummehtp","fasn",NA,NA,0.81,0.43,1.4,NA,NA,NA,NA,NA,NA
"0.1ummehtp","klf2",NA,NA,1.19,0.97,0.87,NA,NA,NA,NA,NA,NA
"0.1ummehtp","lpl",NA,NA,1.26,1.61,0.87,NA,NA,NA,NA,NA,NA
"0.1ummehtp","plin",NA,NA,0.68,2.69,0.57,NA,NA,NA,NA,NA,NA
"0.1ummehtp","pparg",NA,NA,0.57,0.65,0.7,NA,NA,NA,NA,NA,NA
"0.1ummehtp","retn",NA,NA,0.6,2.38,0.56,NA,NA,NA,NA,NA,NA
"0.1ummehtp","sox9",NA,NA,1.19,0.57,0.75,NA,NA,NA,NA,NA,NA
"0.1ummehtp","srebp",NA,NA,0.65,0.96,0.5,NA,NA,NA,NA,NA,NA
"0.1umtpa","fabp4",0.2,0.61,NA,NA,NA,NA,NA,NA,NA,NA,NA
"0.1umtpa","lpl",0.54,1.06,NA,NA,NA,NA,NA,NA,NA,NA,NA
"0.1umtpa","plin",0.24,0.97,NA,NA,NA,NA,NA,NA,NA,NA,NA
"100umdeha","adipoq",NA,NA,NA,NA,NA,NA,NA,NA,NA,NA,1.08
"100umdeha","cebpa",NA,NA,NA,NA,NA,NA,NA,NA,NA,NA,0.68
"100umdeha","dlk1",NA,NA,NA,NA,NA,NA,NA,NA,NA,NA,0.77
"100umdeha","fabp4",NA,NA,NA,NA,NA,NA,NA,NA,NA,NA,1.13
"100umdeha","fasn",NA,NA,NA,NA,NA,NA,NA,NA,NA,NA,1.04
"100umdeha","klf2",NA,NA,NA,NA,NA,NA,NA,NA,NA,NA,0.96
"100umdeha","lpl",NA,NA,NA,NA,NA,NA,NA,NA,NA,NA,0.83
"100umdeha","plin",NA,NA,NA,NA,NA,NA,NA,NA,NA,NA,0.92
"100umdeha","pparg",NA,NA,NA,NA,NA,NA,NA,NA,NA,NA,0.72
"100umdeha","retn",NA,NA,NA,NA,NA,NA,NA,NA,NA,NA,1.41
"100umdeha","sox9",NA,NA,NA,NA,NA,NA,NA,NA,NA,NA,0.72
"100umdeha","srebp",NA,NA,NA,NA,NA,NA,NA,NA,NA,NA,0.74
"100umdehtp","adipoq",NA,NA,NA,NA,NA,NA,NA,NA,NA,NA,0.91
"100umdehtp","cebpa",NA,NA,NA,NA,NA,NA,NA,NA,NA,NA,0.63
"100umdehtp","dlk1",NA,NA,NA,NA,NA,NA,NA,NA,NA,NA,0.77
"100umdehtp","fabp4",NA,NA,NA,NA,NA,NA,NA,NA,NA,NA,0.96
"100umdehtp","fasn",NA,NA,NA,NA,NA,NA,NA,NA,NA,NA,0.9
"100umdehtp","klf2",NA,NA,NA,NA,NA,NA,NA,NA,NA,NA,0.8
"100umdehtp","lpl",NA,NA,NA,NA,NA,NA,NA,NA,NA,NA,0.8
"100umdehtp","plin",NA,NA,NA,NA,NA,NA,NA,NA,NA,NA,0.91
"100umdehtp","pparg",NA,NA,NA,NA,NA,NA,NA,NA,NA,NA,0.81
"100umdehtp","retn",NA,NA,NA,NA,NA,NA,NA,NA,NA,NA,1.11
"100umdehtp","sox9",NA,NA,NA,NA,NA,NA,NA,NA,NA,NA,0.75
"100umdehtp","srebp",NA,NA,NA,NA,NA,NA,NA,NA,NA,NA,0.78
"100ummecptp","adipoq",NA,NA,NA,NA,NA,NA,NA,NA,NA,NA,1.6
"100ummecptp","cebpa",NA,NA,NA,NA,NA,NA,NA,NA,NA,NA,0.95
"100ummecptp","dlk1",NA,NA,NA,NA,NA,NA,NA,NA,NA,NA,0.7
"100ummecptp","fabp4",NA,NA,NA,NA,NA,NA,NA,NA,NA,NA,2.25
"100ummecptp","fasn",NA,NA,NA,NA,NA,NA,NA,NA,NA,NA,1.09
"100ummecptp","klf2",NA,NA,NA,NA,NA,NA,NA,NA,NA,NA,0.82
"100ummecptp","lpl",NA,NA,NA,NA,NA,NA,NA,NA,NA,NA,1.25
"100ummecptp","plin",NA,NA,NA,NA,NA,NA,NA,NA,NA,NA,1.83
"100ummecptp","pparg",NA,NA,NA,NA,NA,NA,NA,NA,NA,NA,1.12
"100ummecptp","retn",NA,NA,NA,NA,NA,NA,NA,NA,NA,NA,2.1
"100ummecptp","sox9",NA,NA,NA,NA,NA,NA,NA,NA,NA,NA,0.74
"100ummecptp","srebp",NA,NA,NA,NA,NA,NA,NA,NA,NA,NA,0.9
"100ummeha","adipoq",NA,NA,NA,NA,NA,NA,NA,3.89,9.51,10.54,NA
"100ummeha","cebpa",NA,NA,NA,NA,NA,NA,NA,1.47,3.79,3.05,NA
"100ummeha","dlk1",NA,NA,NA,NA,NA,NA,NA,0.44,0.65,0.36,NA
"100ummeha","fabp4",NA,NA,NA,NA,NA,NA,NA,5.14,10.51,11.04,NA
"100ummeha","fasn",NA,NA,NA,NA,NA,NA,NA,1.76,3.22,3.53,NA
"100ummeha","klf2",NA,NA,NA,NA,NA,NA,NA,0.97,1.62,0.94,NA
"100ummeha","lpl",NA,NA,NA,NA,NA,NA,NA,1.71,3.94,5.35,NA
"100ummeha","plin",NA,NA,NA,NA,NA,NA,NA,4.95,9.32,7.83,NA
"100ummeha","pparg",NA,NA,NA,NA,NA,NA,NA,1.54,3.18,3.19,NA
"100ummeha","retn",NA,NA,NA,NA,NA,NA,NA,3.63,8.86,10.02,NA
"100ummeha","sox9",NA,NA,NA,NA,NA,NA,NA,0.71,0.58,0.41,NA
"100ummeha","srebp",NA,NA,NA,NA,NA,NA,NA,1.11,1.83,1.67,NA
"100ummehp","adipoq",NA,NA,NA,NA,NA,NA,NA,20.85,9.6,7.12,NA
"100ummehp","cebpa",NA,NA,NA,NA,NA,NA,NA,4.35,2.59,2.29,NA
"100ummehp","dlk1",NA,NA,NA,NA,NA,NA,NA,0.21,0.22,0.19,NA
"100ummehp","fabp4",NA,NA,NA,NA,NA,NA,NA,78.34,25.63,16.89,NA
"100ummehp","fasn",NA,NA,NA,NA,NA,NA,NA,2.48,1.47,2.14,NA
"100ummehp","klf2",NA,NA,NA,NA,NA,NA,NA,0.66,1.82,1.52,NA
"100ummehp","lpl",NA,NA,NA,NA,NA,NA,NA,7.77,4.49,4.87,NA
"100ummehp","plin",NA,NA,NA,NA,NA,NA,NA,29.75,12.13,13.25,NA
"100ummehp","pparg",NA,NA,NA,NA,NA,NA,NA,4.86,4.83,3.84,NA
"100ummehp","retn",NA,NA,NA,NA,NA,NA,NA,21.04,4.85,2.49,NA
"100ummehp","sox9",NA,NA,NA,NA,NA,NA,NA,0.45,0.48,0.6,NA
"100ummehp","srebp",NA,NA,NA,NA,NA,NA,NA,1.9,2,2.52,NA
"100ummehtp","adipoq",NA,NA,NA,NA,NA,NA,NA,4.77,5.41,6.99,NA
"100ummehtp","cebpa",NA,NA,NA,NA,NA,NA,NA,0.94,2.14,2.31,NA
"100ummehtp","dlk1",NA,NA,NA,NA,NA,NA,NA,0.32,0.3,0.2,NA
"100ummehtp","fabp4",NA,NA,NA,NA,NA,NA,NA,13.53,8.44,17.94,NA
"100ummehtp","fasn",NA,NA,NA,NA,NA,NA,NA,1.8,2.06,3.49,NA
"100ummehtp","klf2",NA,NA,NA,NA,NA,NA,NA,0.75,0.83,0.7,NA
"100ummehtp","lpl",NA,NA,NA,NA,NA,NA,NA,1.97,2.17,5.03,NA
"100ummehtp","plin",NA,NA,NA,NA,NA,NA,NA,6.8,6.26,10,NA
"100ummehtp","pparg",NA,NA,NA,NA,NA,NA,NA,1.19,1.32,1.96,NA
"100ummehtp","retn",NA,NA,NA,NA,NA,NA,NA,1.11,0.82,0.99,NA
"100ummehtp","sox9",NA,NA,NA,NA,NA,NA,NA,0.45,0.32,0.29,NA
"100ummehtp","srebp",NA,NA,NA,NA,NA,NA,NA,0.96,0.96,1.3,NA
"100umretinoicacid","adipoq",NA,NA,NA,NA,NA,NA,NA,1.64,0.97,1.55,NA
"100umretinoicacid","cebpa",NA,NA,NA,NA,NA,NA,NA,0.22,0.16,0.34,NA
"100umretinoicacid","dlk1",NA,NA,NA,NA,NA,NA,NA,1.09,0.81,0.93,NA
"100umretinoicacid","fabp4",NA,NA,NA,NA,NA,NA,NA,1.81,1.26,1.22,NA
"100umretinoicacid","fasn",NA,NA,NA,NA,NA,NA,NA,1.11,0.88,1.11,NA
"100umretinoicacid","klf2",NA,NA,NA,NA,NA,NA,NA,0.98,1.35,1.02,NA
"100umretinoicacid","lpl",NA,NA,NA,NA,NA,NA,NA,0.54,0.87,1.21,NA
"100umretinoicacid","plin",NA,NA,NA,NA,NA,NA,NA,0.6,0.32,2.13,NA
"100umretinoicacid","pparg",NA,NA,NA,NA,NA,NA,NA,1.04,0.61,0.75,NA
"100umretinoicacid","retn",NA,NA,NA,NA,NA,NA,NA,0.6,0.35,0.61,NA
"100umretinoicacid","sox9",NA,NA,NA,NA,NA,NA,NA,0.76,0.81,0.74,NA
"100umretinoicacid","srebp",NA,NA,NA,NA,NA,NA,NA,0.82,0.64,0.52,NA
"10umdeha","adipoq",0.26,0.86,NA,NA,NA,NA,0.88,NA,NA,NA,NA
"10umdeha","dlk1",1.06,NA,NA,NA,NA,NA,NA,NA,NA,NA,NA
"10umdeha","fabp4",0.16,1.31,NA,NA,NA,NA,1.03,NA,NA,NA,NA
"10umdeha","klf2",0.98,NA,NA,NA,NA,NA,NA,NA,NA,NA,NA
"10umdeha","lpl",0.47,1.04,NA,NA,NA,NA,0.92,NA,NA,NA,NA
"10umdeha","plin",0.4,0.84,NA,NA,NA,NA,0.77,NA,NA,NA,NA
"10umdeha","ppara",NA,NA,NA,NA,NA,NA,0.66,NA,NA,NA,NA
"10umdeha","pparg",0.45,0.79,NA,NA,NA,NA,0.9,NA,NA,NA,NA
"10umdeha","retn",0.2,1.19,NA,NA,NA,NA,1.09,NA,NA,NA,NA
"10umdeha","sox9",0.73,NA,NA,NA,NA,NA,NA,NA,NA,NA,NA
"10umdehtp","adipoq",0.2,0.89,0.43,NA,NA,NA,NA,NA,NA,NA,NA
"10umdehtp","dlk1",0.82,NA,NA,NA,NA,NA,NA,NA,NA,NA,NA
"10umdehtp","fabp4",0.31,1.03,0.64,NA,NA,NA,NA,NA,NA,NA,NA
"10umdehtp","klf2",1.17,NA,NA,NA,NA,NA,NA,NA,NA,NA,NA
"10umdehtp","lpl",0.69,1.11,0.95,NA,NA,NA,NA,NA,NA,NA,NA
"10umdehtp","plin",0.24,1.03,0.42,NA,NA,NA,NA,NA,NA,NA,NA
"10umdehtp","pparg",0.35,0.97,1,NA,NA,NA,NA,NA,NA,NA,NA
"10umdehtp","retn",0.25,1.15,0.81,NA,NA,NA,NA,NA,NA,NA,NA
"10umdehtp","sox9",0.92,NA,NA,NA,NA,NA,NA,NA,NA,NA,NA
"10ummecptp","adipoq",NA,NA,NA,NA,NA,NA,NA,NA,NA,NA,1.58
"10ummecptp","cebpa",NA,NA,NA,NA,NA,NA,NA,NA,NA,NA,1.28
"10ummecptp","dlk1",NA,NA,NA,NA,NA,NA,NA,NA,NA,NA,0.62
"10ummecptp","fabp4",NA,NA,NA,NA,NA,NA,NA,NA,NA,NA,1.63
"10ummecptp","fasn",NA,NA,NA,NA,NA,NA,NA,NA,NA,NA,0.91
"10ummecptp","klf2",NA,NA,NA,NA,NA,NA,NA,NA,NA,NA,0.8
"10ummecptp","lpl",NA,NA,NA,NA,NA,NA,NA,NA,NA,NA,0.89
"10ummecptp","plin",NA,NA,NA,NA,NA,NA,NA,NA,NA,NA,1.41
"10ummecptp","pparg",NA,NA,NA,NA,NA,NA,NA,NA,NA,NA,1.3
"10ummecptp","retn",NA,NA,NA,NA,NA,NA,NA,NA,NA,NA,1.82
"10ummecptp","sox9",NA,NA,NA,NA,NA,NA,NA,NA,NA,NA,0.83
"10ummecptp","srebp",NA,NA,NA,NA,NA,NA,NA,NA,NA,NA,0.95
"10ummeha","adipoq",NA,NA,NA,0.67,0.41,0.65,NA,NA,NA,NA,NA
"10ummeha","cebpa",NA,NA,NA,0.72,0.82,0.47,NA,NA,NA,NA,NA
"10ummeha","dlk1",NA,NA,NA,0.36,0.74,0.8,NA,NA,NA,NA,NA
"10ummeha","fabp4",NA,NA,NA,1.86,0.72,1.65,NA,NA,NA,NA,NA
"10ummeha","fasn",NA,NA,NA,0.96,0.74,1.86,NA,NA,NA,NA,NA
"10ummeha","klf2",NA,NA,NA,0.88,0.84,1.04,NA,NA,NA,NA,NA
"10ummeha","lpl",NA,NA,NA,0.99,0.67,0.76,NA,NA,NA,NA,NA
"10ummeha","plin",NA,NA,NA,0.74,0.22,0.47,NA,NA,NA,NA,NA
"10ummeha","pparg",NA,NA,NA,0.47,0.7,0.64,NA,NA,NA,NA,NA
"10ummeha","retn",NA,NA,NA,1.84,0.85,1.38,NA,NA,NA,NA,NA
"10ummeha","sox9",NA,NA,NA,0.85,0.61,0.75,NA,NA,NA,NA,NA
"10ummeha","srebp",NA,NA,NA,0.64,0.84,0.5,NA,NA,NA,NA,NA
"10ummehp","adipoq",NA,NA,3.17,4.99,3.75,NA,NA,NA,NA,NA,NA
"10ummehp","cebpa",NA,NA,1.07,1.33,1,NA,NA,NA,NA,NA,NA
"10ummehp","dlk1",NA,NA,0.56,0.38,0.55,NA,NA,NA,NA,NA,NA
"10ummehp","fabp4",NA,NA,5.7,7.76,4.71,NA,NA,NA,NA,NA,NA
"10ummehp","fasn",NA,NA,1.39,0.65,2.53,NA,NA,NA,NA,NA,NA
"10ummehp","klf2",NA,NA,0.96,0.89,0.74,NA,NA,NA,NA,NA,NA
"10ummehp","lpl",NA,NA,1.52,1.5,1.21,NA,NA,NA,NA,NA,NA
"10ummehp","plin",NA,NA,1.85,4.37,1.97,NA,NA,NA,NA,NA,NA
"10ummehp","pparg",NA,NA,1.69,1.19,1.9,NA,NA,NA,NA,NA,NA
"10ummehp","retn",NA,NA,3.17,4.63,2.63,NA,NA,NA,NA,NA,NA
"10ummehp","sox9",NA,NA,0.8,0.39,0.48,NA,NA,NA,NA,NA,NA
"10ummehp","srebp",NA,NA,0.79,1.21,0.64,NA,NA,NA,NA,NA,NA
"10ummehtp","adipoq",NA,NA,0.89,2.54,0.79,NA,NA,NA,NA,NA,NA
"10ummehtp","cebpa",NA,NA,0.59,0.53,0.3,NA,NA,NA,NA,NA,NA
"10ummehtp","dlk1",NA,NA,0.56,0.4,0.69,NA,NA,NA,NA,NA,NA
"10ummehtp","fabp4",NA,NA,1.08,3.19,0.71,NA,NA,NA,NA,NA,NA
"10ummehtp","fasn",NA,NA,0.92,0.47,1.54,NA,NA,NA,NA,NA,NA
"10ummehtp","klf2",NA,NA,0.77,0.91,0.75,NA,NA,NA,NA,NA,NA
"10ummehtp","lpl",NA,NA,1.01,1.55,0.78,NA,NA,NA,NA,NA,NA
"10ummehtp","plin",NA,NA,1.54,3.79,0.62,NA,NA,NA,NA,NA,NA
"10ummehtp","pparg",NA,NA,0.43,0.5,0.57,NA,NA,NA,NA,NA,NA
"10ummehtp","retn",NA,NA,0.74,2.18,0.52,NA,NA,NA,NA,NA,NA
"10ummehtp","sox9",NA,NA,0.68,0.38,0.54,NA,NA,NA,NA,NA,NA
"10ummehtp","srebp",NA,NA,0.54,0.83,0.39,NA,NA,NA,NA,NA,NA
"10umtpa","fabp4",0.26,0.74,NA,NA,NA,NA,NA,NA,NA,NA,NA
"10umtpa","lpl",0.68,1.11,NA,NA,NA,NA,NA,NA,NA,NA,NA
"10umtpa","plin",0.23,0.76,NA,NA,NA,NA,NA,NA,NA,NA,NA
"1umdeha","adipoq",0.15,0.81,NA,NA,NA,NA,0.86,NA,NA,NA,NA
"1umdeha","dlk1",0.99,NA,NA,NA,NA,NA,NA,NA,NA,NA,NA
"1umdeha","fabp4",0.12,0.73,NA,NA,NA,NA,0.86,NA,NA,NA,NA
"1umdeha","klf2",0.93,NA,NA,NA,NA,NA,NA,NA,NA,NA,NA
"1umdeha","lpl",0.4,0.92,NA,NA,NA,NA,0.88,NA,NA,NA,NA
"1umdeha","plin",0.17,1.05,NA,NA,NA,NA,0.75,NA,NA,NA,NA
"1umdeha","ppara",NA,NA,NA,NA,NA,NA,0.85,NA,NA,NA,NA
"1umdeha","pparg",0.37,0.65,NA,NA,NA,NA,1.01,NA,NA,NA,NA
"1umdeha","retn",0.13,0.68,NA,NA,NA,NA,0.97,NA,NA,NA,NA
"1umdeha","sox9",0.77,NA,NA,NA,NA,NA,NA,NA,NA,NA,NA
"1umdehtp","adipoq",0.1,1.2,0.64,NA,NA,NA,NA,NA,NA,NA,NA
"1umdehtp","dlk1",0.73,NA,NA,NA,NA,NA,NA,NA,NA,NA,NA
"1umdehtp","fabp4",0.08,1.1,0.86,NA,NA,NA,NA,NA,NA,NA,NA
"1umdehtp","klf2",0.72,NA,NA,NA,NA,NA,NA,NA,NA,NA,NA
"1umdehtp","lpl",0.36,1,1.05,NA,NA,NA,NA,NA,NA,NA,NA
"1umdehtp","plin",0.15,1.73,0.64,NA,NA,NA,NA,NA,NA,NA,NA
"1umdehtp","pparg",0.23,0.84,1.17,NA,NA,NA,NA,NA,NA,NA,NA
"1umdehtp","retn",0.09,1.26,1.19,NA,NA,NA,NA,NA,NA,NA,NA
"1umdehtp","sox9",0.66,NA,NA,NA,NA,NA,NA,NA,NA,NA,NA
"1ummeha","adipoq",NA,NA,NA,0.68,0.33,0.56,NA,NA,NA,NA,NA
"1ummeha","cebpa",NA,NA,NA,0.8,0.84,0.51,NA,NA,NA,NA,NA
"1ummeha","dlk1",NA,NA,NA,0.45,0.87,0.92,NA,NA,NA,NA,NA
"1ummeha","fabp4",NA,NA,NA,1.97,0.53,1.33,NA,NA,NA,NA,NA
"1ummeha","fasn",NA,NA,NA,0.91,0.77,1.79,NA,NA,NA,NA,NA
"1ummeha","klf2",NA,NA,NA,0.89,0.94,1.09,NA,NA,NA,NA,NA
"1ummeha","lpl",NA,NA,NA,1.04,0.69,0.8,NA,NA,NA,NA,NA
"1ummeha","plin",NA,NA,NA,0.94,0.21,0.5,NA,NA,NA,NA,NA
"1ummeha","pparg",NA,NA,NA,0.53,0.76,1.04,NA,NA,NA,NA,NA
"1ummeha","retn",NA,NA,NA,1.83,0.64,1.32,NA,NA,NA,NA,NA
"1ummeha","sox9",NA,NA,NA,0.87,0.81,0.99,NA,NA,NA,NA,NA
"1ummeha","srebp",NA,NA,NA,0.71,0.86,0.53,NA,NA,NA,NA,NA
"1ummehp","adipoq",NA,NA,1.1,1.85,0.79,NA,NA,NA,NA,NA,NA
"1ummehp","cebpa",NA,NA,0.9,0.78,0.54,NA,NA,NA,NA,NA,NA
"1ummehp","dlk1",NA,NA,0.61,0.46,0.59,NA,NA,NA,NA,NA,NA
"1ummehp","fabp4",NA,NA,1.25,3.13,0.74,NA,NA,NA,NA,NA,NA
"1ummehp","fasn",NA,NA,0.91,0.65,1.26,NA,NA,NA,NA,NA,NA
"1ummehp","klf2",NA,NA,0.87,1.16,0.66,NA,NA,NA,NA,NA,NA
"1ummehp","lpl",NA,NA,0.84,1.39,0.64,NA,NA,NA,NA,NA,NA
"1ummehp","plin",NA,NA,0.99,1.39,0.43,NA,NA,NA,NA,NA,NA
"1ummehp","pparg",NA,NA,1.05,1.23,1.06,NA,NA,NA,NA,NA,NA
"1ummehp","retn",NA,NA,1.27,2.3,0.66,NA,NA,NA,NA,NA,NA
"1ummehp","sox9",NA,NA,0.83,0.61,0.54,NA,NA,NA,NA,NA,NA
"1ummehp","srebp",NA,NA,0.85,1.09,0.49,NA,NA,NA,NA,NA,NA
"1ummehtp","adipoq",NA,NA,0.57,2.37,0.69,NA,NA,NA,NA,NA,NA
"1ummehtp","cebpa",NA,NA,0.62,0.46,0.39,NA,NA,NA,NA,NA,NA
"1ummehtp","dlk1",NA,NA,0.74,0.42,0.8,NA,NA,NA,NA,NA,NA
"1ummehtp","fabp4",NA,NA,0.58,3.02,0.55,NA,NA,NA,NA,NA,NA
"1ummehtp","fasn",NA,NA,0.81,0.42,1.18,NA,NA,NA,NA,NA,NA
"1ummehtp","klf2",NA,NA,0.86,1.02,0.83,NA,NA,NA,NA,NA,NA
"1ummehtp","lpl",NA,NA,0.95,1.84,0.94,NA,NA,NA,NA,NA,NA
"1ummehtp","plin",NA,NA,1.07,3.7,0.61,NA,NA,NA,NA,NA,NA
"1ummehtp","pparg",NA,NA,0.59,0.79,0.88,NA,NA,NA,NA,NA,NA
"1ummehtp","retn",NA,NA,0.69,3.75,0.66,NA,NA,NA,NA,NA,NA
"1ummehtp","sox9",NA,NA,0.98,0.54,0.79,NA,NA,NA,NA,NA,NA
"1ummehtp","srebp",NA,NA,0.67,0.76,0.47,NA,NA,NA,NA,NA,NA
"1umtpa","fabp4",0.12,1.47,NA,NA,NA,NA,NA,NA,NA,NA,NA
"1umtpa","lpl",0.39,1.27,NA,NA,NA,NA,NA,NA,NA,NA,NA
"1umtpa","plin",0.42,1.3,NA,NA,NA,NA,NA,NA,NA,NA,NA
"20umdeha","adipoq",0.37,1.44,NA,NA,NA,NA,0.98,NA,NA,NA,1.71
"20umdeha","cebpa",NA,NA,NA,NA,NA,NA,NA,NA,NA,NA,1.13
"20umdeha","dlk1",0.98,NA,NA,NA,NA,NA,NA,NA,NA,NA,0.81
"20umdeha","fabp4",0.44,1.74,NA,NA,NA,NA,0.95,NA,NA,NA,2.06
"20umdeha","fasn",NA,NA,NA,NA,NA,NA,NA,NA,NA,NA,1.01
"20umdeha","klf2",1.25,NA,NA,NA,NA,NA,NA,NA,NA,NA,1.05
"20umdeha","lpl",0.68,1.05,NA,NA,NA,NA,0.87,NA,NA,NA,1.07
"20umdeha","plin",0.23,1.69,NA,NA,NA,NA,0.75,NA,NA,NA,1.3
"20umdeha","ppara",NA,NA,NA,NA,NA,NA,0.86,NA,NA,NA,NA
"20umdeha","pparg",0.59,0.81,NA,NA,NA,NA,1,NA,NA,NA,1.06
"20umdeha","retn",0.44,1.88,NA,NA,NA,NA,1.1,NA,NA,NA,1.91
"20umdeha","sox9",0.73,NA,NA,NA,NA,NA,NA,NA,NA,NA,0.92
"20umdeha","srebp",NA,NA,NA,NA,NA,NA,NA,NA,NA,NA,0.97
"20umdehtp","adipoq",0.17,0.85,0.54,NA,NA,NA,NA,NA,NA,NA,1.03
"20umdehtp","cebpa",NA,NA,NA,NA,NA,NA,NA,NA,NA,NA,0.92
"20umdehtp","dlk1",0.72,NA,NA,NA,NA,NA,NA,NA,NA,NA,0.8
"20umdehtp","fabp4",0.24,1.08,0.66,NA,NA,NA,NA,NA,NA,NA,1.13
"20umdehtp","fasn",NA,NA,NA,NA,NA,NA,NA,NA,NA,NA,0.92
"20umdehtp","klf2",1.11,NA,NA,NA,NA,NA,NA,NA,NA,NA,0.94
"20umdehtp","lpl",0.54,1.13,1.14,NA,NA,NA,NA,NA,NA,NA,0.92
"20umdehtp","plin",0.2,1.11,0.73,NA,NA,NA,NA,NA,NA,NA,1.02
"20umdehtp","pparg",0.42,0.84,1.1,NA,NA,NA,NA,NA,NA,NA,0.84
"20umdehtp","retn",0.22,0.99,0.9,NA,NA,NA,NA,NA,NA,NA,1.21
"20umdehtp","sox9",0.83,NA,NA,NA,NA,NA,NA,NA,NA,NA,0.84
"20umdehtp","srebp",NA,NA,NA,NA,NA,NA,NA,NA,NA,NA,0.87
"20ummecptp","adipoq",NA,NA,NA,NA,NA,NA,NA,NA,NA,NA,1.17
"20ummecptp","cebpa",NA,NA,NA,NA,NA,NA,NA,NA,NA,NA,1.07
"20ummecptp","dlk1",NA,NA,NA,NA,NA,NA,NA,NA,NA,NA,0.76
"20ummecptp","fabp4",NA,NA,NA,NA,NA,NA,NA,NA,NA,NA,1.27
"20ummecptp","fasn",NA,NA,NA,NA,NA,NA,NA,NA,NA,NA,0.9
"20ummecptp","klf2",NA,NA,NA,NA,NA,NA,NA,NA,NA,NA,0.96
"20ummecptp","lpl",NA,NA,NA,NA,NA,NA,NA,NA,NA,NA,1.01
"20ummecptp","plin",NA,NA,NA,NA,NA,NA,NA,NA,NA,NA,1.16
"20ummecptp","pparg",NA,NA,NA,NA,NA,NA,NA,NA,NA,NA,1.01
"20ummecptp","retn",NA,NA,NA,NA,NA,NA,NA,NA,NA,NA,1.52
"20ummecptp","sox9",NA,NA,NA,NA,NA,NA,NA,NA,NA,NA,0.9
"20ummecptp","srebp",NA,NA,NA,NA,NA,NA,NA,NA,NA,NA,0.9
"20ummeha","adipoq",NA,NA,NA,1.21,0.76,1.21,NA,1.72,1.59,2.94,NA
"20ummeha","cebpa",NA,NA,NA,0.78,1.07,0.6,NA,1.19,1.12,1.2,NA
"20ummeha","dlk1",NA,NA,NA,NA,NA,NA,NA,0.6,0.58,0.58,NA
"20ummeha","fabp4",NA,NA,NA,3.45,1.35,2.61,NA,1.74,1.49,3.46,NA
"20ummeha","fasn",NA,NA,NA,0.97,0.99,2,NA,1.03,1.05,1.94,NA
"20ummeha","klf2",NA,NA,NA,NA,NA,NA,NA,1.09,1.11,1.14,NA
"20ummeha","lpl",NA,NA,NA,1.17,0.81,0.82,NA,1.01,0.91,1.75,NA
"20ummeha","plin",NA,NA,NA,1.35,0.54,0.93,NA,1.59,1.46,3.2,NA
"20ummeha","pparg",NA,NA,NA,0.58,0.82,0.88,NA,0.92,0.83,1.4,NA
"20ummeha","retn",NA,NA,NA,2.99,1.33,2.15,NA,1.8,1.74,3.25,NA
"20ummeha","sox9",NA,NA,NA,NA,NA,NA,NA,0.99,0.57,0.66,NA
"20ummeha","srebp",NA,NA,NA,0.66,0.88,0.59,NA,0.9,0.89,0.99,NA
"20ummehp","adipoq",NA,NA,6.15,12.13,5.54,NA,NA,4.69,7.03,7.19,NA
"20ummehp","cebpa",NA,NA,2.81,2.45,1.59,NA,NA,1.55,3.09,2.53,NA
"20ummehp","dlk1",NA,NA,NA,NA,NA,NA,NA,0.48,0.42,0.43,NA
"20ummehp","fabp4",NA,NA,13.49,24.25,8.73,NA,NA,11.89,9.11,9.52,NA
"20ummehp","fasn",NA,NA,2.55,1.31,3.32,NA,NA,1.34,2.53,3.51,NA
"20ummehp","klf2",NA,NA,NA,NA,NA,NA,NA,1.23,0.98,0.96,NA
"20ummehp","lpl",NA,NA,2.54,2.76,1.7,NA,NA,2.53,2.71,3.38,NA
"20ummehp","plin",NA,NA,5.67,14.59,2.83,NA,NA,5.35,8.17,6.01,NA
"20ummehp","pparg",NA,NA,2.51,1.8,2.36,NA,NA,1.91,2.5,2.44,NA
"20ummehp","retn",NA,NA,5.36,8.42,3.2,NA,NA,6.55,6.42,6.37,NA
"20ummehp","sox9",NA,NA,NA,NA,NA,NA,NA,0.94,0.41,0.46,NA
"20ummehp","srebp",NA,NA,1.43,1.48,0.94,NA,NA,1.03,1.69,1.8,NA
"20ummehtp","adipoq",NA,NA,1.85,5.99,1.07,NA,NA,2.83,2.82,4.27,NA
"20ummehtp","cebpa",NA,NA,0.65,0.88,0.3,NA,NA,0.85,0.87,1.21,NA
"20ummehtp","dlk1",NA,NA,NA,NA,NA,NA,NA,0.5,0.54,0.5,NA
"20ummehtp","fabp4",NA,NA,3.45,8.09,1.22,NA,NA,5.25,4.16,5.45,NA
"20ummehtp","fasn",NA,NA,1.35,0.41,1.79,NA,NA,1.19,1.83,3.81,NA
"20ummehtp","klf2",NA,NA,NA,NA,NA,NA,NA,0.96,1.27,0.96,NA
"20ummehtp","lpl",NA,NA,1.5,2.09,0.85,NA,NA,1.25,1.45,2.17,NA
"20ummehtp","plin",NA,NA,2.82,10.73,0.98,NA,NA,2.24,1.95,4.53,NA
"20ummehtp","pparg",NA,NA,0.58,0.77,0.59,NA,NA,0.89,0.92,1.37,NA
"20ummehtp","retn",NA,NA,0.99,3.04,0.43,NA,NA,2.56,1.67,2.87,NA
"20ummehtp","sox9",NA,NA,NA,NA,NA,NA,NA,0.77,0.44,0.45,NA
"20ummehtp","srebp",NA,NA,0.66,1.17,0.44,NA,NA,0.69,0.86,1,NA
"20umtpa","fabp4",0.24,1.21,NA,NA,NA,NA,NA,NA,NA,NA,NA
"20umtpa","lpl",0.57,1.23,NA,NA,NA,NA,NA,NA,NA,NA,NA
"20umtpa","plin",0.25,1.15,NA,NA,NA,NA,NA,NA,NA,NA,NA
"50umdeha","adipoq",NA,NA,NA,NA,NA,NA,NA,NA,NA,NA,1.03
"50umdeha","cebpa",NA,NA,NA,NA,NA,NA,NA,NA,NA,NA,0.84
"50umdeha","dlk1",NA,NA,NA,NA,NA,NA,NA,NA,NA,NA,0.71
"50umdeha","fabp4",NA,NA,NA,NA,NA,NA,NA,NA,NA,NA,0.98
"50umdeha","fasn",NA,NA,NA,NA,NA,NA,NA,NA,NA,NA,0.9
"50umdeha","klf2",NA,NA,NA,NA,NA,NA,NA,NA,NA,NA,0.84
"50umdeha","lpl",NA,NA,NA,NA,NA,NA,NA,NA,NA,NA,0.77
"50umdeha","plin",NA,NA,NA,NA,NA,NA,NA,NA,NA,NA,0.93
"50umdeha","pparg",NA,NA,NA,NA,NA,NA,NA,NA,NA,NA,0.74
"50umdeha","retn",NA,NA,NA,NA,NA,NA,NA,NA,NA,NA,1.44
"50umdeha","sox9",NA,NA,NA,NA,NA,NA,NA,NA,NA,NA,0.61
"50umdeha","srebp",NA,NA,NA,NA,NA,NA,NA,NA,NA,NA,0.68
"50umdehtp","adipoq",NA,NA,NA,NA,NA,NA,NA,NA,NA,NA,0.82
"50umdehtp","cebpa",NA,NA,NA,NA,NA,NA,NA,NA,NA,NA,0.63
"50umdehtp","dlk1",NA,NA,NA,NA,NA,NA,NA,NA,NA,NA,0.65
"50umdehtp","fabp4",NA,NA,NA,NA,NA,NA,NA,NA,NA,NA,0.87
"50umdehtp","fasn",NA,NA,NA,NA,NA,NA,NA,NA,NA,NA,0.87
"50umdehtp","klf2",NA,NA,NA,NA,NA,NA,NA,NA,NA,NA,0.83
"50umdehtp","lpl",NA,NA,NA,NA,NA,NA,NA,NA,NA,NA,0.74
"50umdehtp","plin",NA,NA,NA,NA,NA,NA,NA,NA,NA,NA,0.71
"50umdehtp","pparg",NA,NA,NA,NA,NA,NA,NA,NA,NA,NA,0.68
"50umdehtp","retn",NA,NA,NA,NA,NA,NA,NA,NA,NA,NA,1.21
"50umdehtp","sox9",NA,NA,NA,NA,NA,NA,NA,NA,NA,NA,0.55
"50umdehtp","srebp",NA,NA,NA,NA,NA,NA,NA,NA,NA,NA,0.59
"50ummecptp","adipoq",NA,NA,NA,NA,NA,NA,NA,NA,NA,NA,1.22
"50ummecptp","cebpa",NA,NA,NA,NA,NA,NA,NA,NA,NA,NA,0.91
"50ummecptp","dlk1",NA,NA,NA,NA,NA,NA,NA,NA,NA,NA,0.72
"50ummecptp","fabp4",NA,NA,NA,NA,NA,NA,NA,NA,NA,NA,1.51
"50ummecptp","fasn",NA,NA,NA,NA,NA,NA,NA,NA,NA,NA,0.94
"50ummecptp","klf2",NA,NA,NA,NA,NA,NA,NA,NA,NA,NA,0.93
"50ummecptp","lpl",NA,NA,NA,NA,NA,NA,NA,NA,NA,NA,0.99
"50ummecptp","plin",NA,NA,NA,NA,NA,NA,NA,NA,NA,NA,1.01
"50ummecptp","pparg",NA,NA,NA,NA,NA,NA,NA,NA,NA,NA,0.94
"50ummecptp","retn",NA,NA,NA,NA,NA,NA,NA,NA,NA,NA,1.76
"50ummecptp","sox9",NA,NA,NA,NA,NA,NA,NA,NA,NA,NA,0.71
"50ummecptp","srebp",NA,NA,NA,NA,NA,NA,NA,NA,NA,NA,0.65
"50ummeha","adipoq",NA,NA,NA,NA,NA,NA,NA,2.24,3.55,5.73,NA
"50ummeha","cebpa",NA,NA,NA,NA,NA,NA,NA,1.26,1.81,1.91,NA
"50ummeha","dlk1",NA,NA,NA,NA,NA,NA,NA,0.45,0.51,0.41,NA
"50ummeha","fabp4",NA,NA,NA,NA,NA,NA,NA,2.46,4.21,4.38,NA
"50ummeha","fasn",NA,NA,NA,NA,NA,NA,NA,1.46,1.67,2.08,NA
"50ummeha","klf2",NA,NA,NA,NA,NA,NA,NA,0.84,1.18,0.85,NA
"50ummeha","lpl",NA,NA,NA,NA,NA,NA,NA,1.13,1.58,2.5,NA
"50ummeha","plin",NA,NA,NA,NA,NA,NA,NA,2.79,3.13,4.38,NA
"50ummeha","pparg",NA,NA,NA,NA,NA,NA,NA,0.95,1.43,1.55,NA
"50ummeha","retn",NA,NA,NA,NA,NA,NA,NA,1.74,3.94,4.13,NA
"50ummeha","sox9",NA,NA,NA,NA,NA,NA,NA,0.75,0.46,0.42,NA
"50ummeha","srebp",NA,NA,NA,NA,NA,NA,NA,0.94,0.88,1.18,NA
"50ummehp","adipoq",NA,NA,NA,NA,NA,NA,NA,13.38,13.52,10.14,NA
"50ummehp","cebpa",NA,NA,NA,NA,NA,NA,NA,2.2,5.38,2.32,NA
"50ummehp","dlk1",NA,NA,NA,NA,NA,NA,NA,0.19,0.26,0.19,NA
"50ummehp","fabp4",NA,NA,NA,NA,NA,NA,NA,62.32,31.63,13.28,NA
"50ummehp","fasn",NA,NA,NA,NA,NA,NA,NA,2.61,2.64,2.22,NA
"50ummehp","klf2",NA,NA,NA,NA,NA,NA,NA,0.67,1.23,1.21,NA
"50ummehp","lpl",NA,NA,NA,NA,NA,NA,NA,7.7,3.98,4.32,NA
"50ummehp","plin",NA,NA,NA,NA,NA,NA,NA,17.01,15.1,8.58,NA
"50ummehp","pparg",NA,NA,NA,NA,NA,NA,NA,4.78,5.71,2.98,NA
"50ummehp","retn",NA,NA,NA,NA,NA,NA,NA,26.88,13.61,5.2,NA
"50ummehp","sox9",NA,NA,NA,NA,NA,NA,NA,0.46,0.36,0.36,NA
"50ummehp","srebp",NA,NA,NA,NA,NA,NA,NA,1.48,2.16,2.26,NA
"50ummehtp","adipoq",NA,NA,NA,NA,NA,NA,NA,1.75,4.2,10.04,NA
"50ummehtp","cebpa",NA,NA,NA,NA,NA,NA,NA,0.78,1.81,2.31,NA
"50ummehtp","dlk1",NA,NA,NA,NA,NA,NA,NA,0.32,0.38,0.26,NA
"50ummehtp","fabp4",NA,NA,NA,NA,NA,NA,NA,3.51,6.6,16.09,NA
"50ummehtp","fasn",NA,NA,NA,NA,NA,NA,NA,1.03,2.05,4.87,NA
"50ummehtp","klf2",NA,NA,NA,NA,NA,NA,NA,0.55,0.91,0.77,NA
"50ummehtp","lpl",NA,NA,NA,NA,NA,NA,NA,1.02,1.52,5.12,NA
"50ummehtp","plin",NA,NA,NA,NA,NA,NA,NA,2.28,4.1,7.67,NA
"50ummehtp","pparg",NA,NA,NA,NA,NA,NA,NA,0.82,1.28,2.14,NA
"50ummehtp","retn",NA,NA,NA,NA,NA,NA,NA,0.76,1.64,3.12,NA
"50ummehtp","sox9",NA,NA,NA,NA,NA,NA,NA,0.45,0.36,0.26,NA
"50ummehtp","srebp",NA,NA,NA,NA,NA,NA,NA,0.77,0.79,1.46,NA
"mi","adipoq",0.33,0.86,0.54,0.99,0.58,0.62,0.51,0.73,0.89,1.01,1.07
"mi","cebpa",NA,NA,0.5,0.57,0.45,0.56,NA,0.75,0.55,0.69,0.98
"mi","dlk1",0.74,NA,0.64,0.5,0.68,0.73,NA,0.68,0.62,0.69,0.73
"mi","fabp4",0.25,1,0.61,1.33,0.52,0.84,0.46,0.91,0.72,0.93,1.01
"mi","fasn",NA,NA,0.76,0.64,0.89,1.16,NA,0.76,0.85,1.1,1.05
"mi","klf2",0.87,NA,0.89,0.97,0.79,0.97,NA,1.36,1.14,1.05,0.92
"mi","lpl",0.54,1.11,0.97,1.14,0.75,0.83,0.74,1.2,0.78,0.85,0.88
"mi","plin",0.49,1.16,0.56,1.14,0.41,0.52,0.6,0.64,0.6,1.15,0.88
"mi","ppara",NA,NA,NA,NA,NA,NA,0.6,NA,NA,NA,NA
"mi","pparg",0.47,0.92,0.83,0.75,0.8,0.76,0.8,0.9,0.75,0.88,0.98
"mi","retn",0.33,1.1,0.71,1.44,0.66,0.86,0.55,0.89,0.83,1.13,1.12
"mi","sox9",0.83,NA,0.79,0.7,0.65,0.74,NA,1.13,0.69,0.74,0.94
"mi","srebp",NA,NA,0.68,0.82,0.6,0.64,NA,0.71,0.73,0.92,0.9
"mid","adipoq",7.91,161.64,32.6,116.03,40.5,86.22,19.93,46.15,11.84,8.09,12.94
"mid","cebpa",NA,NA,4.9,5.84,5.91,5.58,NA,7.61,1.89,3.09,2.56
"mid","dlk1",0.26,NA,0.3,0.39,0.39,0.38,NA,0.46,0.3,0.29,0.23
"mid","fabp4",7.91,153.99,51.27,157.04,36.5,82.14,20.68,59.65,16.93,9.92,18.34
"mid","fasn",NA,NA,4.75,6.39,5.36,6.41,NA,5.94,2.19,2.93,2.43
"mid","klf2",1.08,NA,0.85,0.65,1.11,0.79,NA,0.82,1.29,1.28,1.2
"mid","lpl",5.63,10.03,12.5,13.72,12.76,12.41,9.38,9.68,7.05,6.38,8.46
"mid","plin",10.51,157.22,21.21,104.33,31.41,58.08,17.59,36.63,9.91,12.73,18.81
"mid","ppara",NA,NA,NA,NA,NA,NA,38.41,NA,NA,NA,NA
"mid","pparg",11.34,11.42,15.45,17.29,16.72,13.74,9.85,11.2,9.16,8.11,10.31
"mid","retn",9.69,343.3,81.57,261.08,71.67,190.46,31.27,176.68,27.44,15.31,30.27
"mid","sox9",0.43,NA,0.52,0.48,0.64,0.47,NA,0.36,0.64,0.73,0.74
"mid","srebp",NA,NA,2.5,2.45,3.51,2.98,NA,2.72,1.79,2.37,2.43
"mie","adipoq",1,1,1,1,1,1,1,1,1,1,1
"mie","cebpa",NA,NA,1,1,1,1,NA,1,1,1,1
"mie","dlk1",1,NA,1,1,1,1,NA,1,1,1,1
"mie","fabp4",1,1,1,1,1,1,1,1,1,1,1
"mie","fasn",NA,NA,1,1,1,1,NA,1,1,1,1
"mie","klf2",1,NA,1,1,1,1,NA,1,1,1,1
"mie","lpl",1,1,1,1,1,1,1,1,1,1,1
"mie","plin",1,1,1,1,1,1,1,1,1,1,1
"mie","ppara",NA,NA,NA,NA,NA,NA,1,NA,NA,NA,NA
"mie","pparg",1,1,1,1,1,1,1,1,1,1,1
"mie","retn",1,1,1,1,1,1,1,1,1,1,1
"mie","sox9",1,NA,1,1,1,1,NA,1,1,1,1
"mie","srebp",NA,NA,1,1,1,1,NA,1,1,1,1
"mir","adipoq",10.65,100.66,37.62,78.79,42.91,24.48,26.48,30.48,23.16,16.39,30.48
"mir","cebpa",NA,NA,8.77,7.33,8.61,3.03,NA,6.96,4.07,3.48,3.5
"mir","dlk1",0.54,NA,0.46,0.6,0.51,0.67,NA,0.58,0.48,0.42,0.41
"mir","fabp4",9.21,106.64,51.74,109.64,45.15,35.18,33.28,41.26,42.22,12.03,32
"mir","fasn",NA,NA,7.94,7.41,8.15,3.55,NA,7.38,6.05,3.79,4.53
"mir","klf2",0.93,NA,0.84,0.68,0.86,0.81,NA,0.59,0.97,0.97,1.09
"mir","lpl",5.35,8.44,12.15,10.24,12.76,4.87,8.02,7.52,7.53,6.27,8.96
"mir","plin",10.88,125.95,29.93,74.89,37.53,25.22,25.75,30.84,13.24,13.38,25.46
"mir","ppara",NA,NA,NA,NA,NA,NA,8.59,NA,NA,NA,NA
"mir","pparg",7.29,6.62,10.29,8.24,8.57,3.01,6.28,5.49,8.07,5.69,8.73
"mir","retn",6.19,125.95,46.53,91.56,44.02,27.35,29.93,48.62,31.12,11.75,31.63
"mir","sox9",0.6,NA,0.54,0.59,0.46,0.72,NA,0.5,0.57,0.61,0.55
"mir","srebp",NA,NA,2.82,2,3.1,1.37,NA,2.34,1.87,2.24,1.93
