﻿,1,2,3,4,5,6,7,8,9,10,11,12
A,ADIPOQ,ADIPOQ,ADIPOQ,ADIPOQ,ADIPOQ,ADIPOQ,ADIPOQ,ADIPOQ,ADIPOQ,ADIPOQ,ADIPOQ,ADIPOQ
B,ADIPOQ,ADIPOQ,ADIPOQ,ADIPOQ,ADIPOQ,ADIPOQ,ADIPOQ,ADIPOQ,ADIPOQ,ADIPOQ,ADIPOQ,ADIPOQ
C,ADIPOQ,ADIPOQ,ADIPOQ,ADIPOQ,ADIPOQ,ADIPOQ,ADIPOQ,ADIPOQ,ADIPOQ,ADIPOQ,ADIPOQ,ADIPOQ
D,ADIPOQ,ADIPOQ,ADIPOQ,ADIPOQ,ADIPOQ,ADIPOQ,ADIPOQ,ADIPOQ,ADIPOQ,ADIPOQ,ADIPOQ,ADIPOQ
E,RETN,RETN,RETN,RETN,RETN,RETN,RETN,RETN,RETN,RETN,RETN,RETN
F,RETN,RETN,RETN,RETN,RETN,RETN,RETN,RETN,RETN,RETN,RETN,RETN
G,RETN,RETN,RETN,RETN,RETN,RETN,RETN,RETN,RETN,RETN,RETN,RETN
H,RETN,RETN,RETN,RETN,RETN,RETN,RETN,RETN,RETN,RETN,RETN,RETN
