﻿,1,2,3,4,5,6,7,8,9,10,11,12
A,PPARg,PPARg,PPARg,PPARg,PPARg,PPARg,PPARg,PPARg,PPARg,PPARg,PPARg,PPARg
B,PPARg,PPARg,PPARg,PPARg,PPARg,PPARg,PPARg,PPARg,PPARg,PPARg,PPARg,PPARg
C,PPARg,PPARg,PPARg,PPARg,PPARg,PPARg,PPARg,PPARg,PPARg,PPARg,PPARg,PPARg
D,PPARg,PPARg,PPARg,PPARg,PPARg,PPARg,PPARg,PPARg,PPARg,PPARg,PPARg,PPARg
E,PPARg,PPARg,PPARg,PPARg,PPARg,PPARg,PPARg,PPARg,PPARg,PPARg,PPARg,PPARg
F,PPARg,PPARg,PPARg,PPARg,PPARg,PPARg,PPARg,PPARg,PPARg,PPARg,PPARg,PPARg
G,,,,,,,,,,PPARg,PPARg,PPARg
H,,,,,,,,,,PPARg,PPARg,PPARg
