﻿,1,2,3,4,5,6,7,8,9,10,11,12
A,RETN,RETN,RETN,RETN,RETN,RETN,RETN,RETN,RETN,RETN,RETN,RETN
B,RETN,RETN,RETN,RETN,RETN,RETN,RETN,RETN,RETN,RETN,RETN,RETN
C,RETN,RETN,RETN,RETN,RETN,RETN,RETN,RETN,RETN,RETN,RETN,RETN
D,RETN,RETN,RETN,RETN,RETN,RETN,RETN,RETN,RETN,RETN,RETN,RETN
E,RETN,RETN,RETN,RETN,RETN,RETN,RETN,RETN,RETN,RETN,RETN,RETN
F,RETN,RETN,RETN,RETN,RETN,RETN,RETN,RETN,RETN,RETN,RETN,RETN
G,RETN,RETN,RETN,RETN,RETN,RETN,RETN,RETN,RETN,RETN,RETN,RETN
H,RETN,RETN,RETN,RETN,RETN,RETN,RETN,RETN,RETN,RETN,RETN,RETN
