﻿,1,2,3,4,5,6,7,8,9,10,11,12
A,SOX9,SOX9,SOX9,SOX9,SOX9,SOX9,SOX9,SOX9,SOX9,SOX9,SOX9,SOX9
B,SOX9,SOX9,SOX9,SOX9,SOX9,SOX9,SOX9,SOX9,SOX9,SOX9,SOX9,SOX9
C,SOX9,SOX9,SOX9,SOX9,SOX9,SOX9,SOX9,SOX9,SOX9,SOX9,SOX9,SOX9
D,SOX9,SOX9,SOX9,SOX9,SOX9,SOX9,SOX9,SOX9,SOX9,SOX9,SOX9,SOX9
E,SOX9,SOX9,SOX9,SOX9,SOX9,SOX9,SOX9,SOX9,SOX9,,,
F,SOX9,SOX9,SOX9,SOX9,SOX9,SOX9,SOX9,SOX9,SOX9,SOX9,SOX9,SOX9
G,SOX9,SOX9,SOX9,SOX9,SOX9,SOX9,SOX9,SOX9,SOX9,SOX9,SOX9,SOX9
H,SOX9,SOX9,SOX9,SOX9,SOX9,SOX9,SOX9,SOX9,SOX9,SOX9,SOX9,SOX9
