﻿,1,2,3,4,5,6,7,8,9,10,11,12
A,FABP4,FABP4,FABP4,FABP4,FABP4,FABP4,FABP4,FABP4,FABP4,FABP4,FABP4,FABP4
B,FABP4,FABP4,FABP4,FABP4,FABP4,FABP4,FABP4,FABP4,FABP4,FABP4,FABP4,FABP4
C,FABP4,FABP4,FABP4,FABP4,FABP4,FABP4,FABP4,FABP4,FABP4,FABP4,FABP4,FABP4
D,FABP4,FABP4,FABP4,FABP4,FABP4,FABP4,FABP4,FABP4,FABP4,FABP4,FABP4,FABP4
E,b-actin,b-actin,b-actin,b-actin,b-actin,b-actin,b-actin,b-actin,b-actin,b-actin,b-actin,b-actin
F,b-actin,b-actin,b-actin,b-actin,b-actin,b-actin,b-actin,b-actin,b-actin,b-actin,b-actin,b-actin
G,b-actin,b-actin,b-actin,b-actin,b-actin,b-actin,b-actin,b-actin,b-actin,b-actin,b-actin,b-actin
H,b-actin,b-actin,b-actin,b-actin,b-actin,b-actin,b-actin,b-actin,b-actin,b-actin,b-actin,b-actin
