﻿,1,2,3,4,5,6,7,8,9,10,11,12
A,b-actin,b-actin,CYP1A1,CYP1A1,CYP1A1,FABP4,FABP4,FABP4,PPARγ,PPARγ,PPARγ,
B,b-actin,b-actin,CYP1A1,CYP1A1,CYP1A1,FABP4,FABP4,FABP4,PPARγ,PPARγ,PPARγ,
C,b-actin,b-actin,CYP1A1,CYP1A1,CYP1A1,FABP4,FABP4,FABP4,PPARγ,PPARγ,PPARγ,
D,b-actin,b-actin,CYP1A1,CYP1A1,CYP1A1,FABP4,FABP4,FABP4,PPARγ,PPARγ,PPARγ,
E,b-actin,b-actin,CYP1A1,CYP1A1,CYP1A1,FABP4,FABP4,FABP4,PPARγ,PPARγ,PPARγ,
G,b-actin,b-actin,CYP1A1,CYP1A1,CYP1A1,FABP4,FABP4,FABP4,PPARγ,PPARγ,PPARγ,
H,b-actin,b-actin,b-actin,CYP1A1,CYP1A1,CYP1A1,FABP4,FABP4,FABP4,PPARγ,PPARγ,PPARγ