"chemical","gene","RQ1","RQ2","RQ3","RQ4","RQ5","RQ6"
"0.01um9p","Adiponectin",1.12,1.17,1.07,NA,NA,NA
"0.01um9p","AhR",1.02,1.18,1.01,NA,NA,NA
"0.01um9p","CEBPA",0.99,0.92,1.42,NA,NA,NA
"0.01um9p","CYP1A1",1.1,1.12,0.8,NA,NA,NA
"0.01um9p","FABP4",1.21,1.02,0.68,NA,NA,NA
"0.01um9p","LPL",0.99,0.86,0.99,NA,NA,NA
"0.01um9p","Plin",1.03,1.04,0.84,NA,NA,NA
"0.01um9p","PPARγ",1.03,0.89,0.81,NA,NA,NA
"0.01um9p","Resistin",1.19,1.16,0.51,NA,NA,NA
"0.01umphe","Adiponectin",1.24,0.88,1.15,NA,NA,NA
"0.01umphe","AhR",1.12,0.85,1.42,NA,NA,NA
"0.01umphe","CEBPA",1.24,1.11,1.02,NA,NA,NA
"0.01umphe","CYP1A1",1.06,1,1.53,NA,NA,NA
"0.01umphe","FABP4",0.96,0.89,1.15,NA,NA,NA
"0.01umphe","LPL",1.14,1.23,1.08,NA,NA,NA
"0.01umphe","Plin",0.99,0.75,1.19,NA,NA,NA
"0.01umphe","PPARγ",1.08,1.14,0.87,NA,NA,NA
"0.01umphe","Resistin",0.97,0.52,0.89,NA,NA,NA
"0.1um9p","Adiponectin",1.17,1.36,1.49,NA,NA,NA
"0.1um9p","AhR",0.77,1.12,1.07,0.78,1.06,1.93
"0.1um9p","CEBPA",1.13,1.19,1.34,NA,NA,NA
"0.1um9p","CYP1A1",0.93,1.85,0.94,1.33,NA,NA
"0.1um9p","FABP4",1.41,2.06,0.96,1.24,0.73,0.89
"0.1um9p","LPL",1.02,0.84,1.33,NA,NA,NA
"0.1um9p","Plin",0.91,1.1,0.73,NA,NA,NA
"0.1um9p","PPARγ",1.2,1.09,0.92,0.95,6.6,0.99
"0.1um9p","Resistin",1.19,1.56,0.77,0.7,2.92,0.49
"0.1umphe","Adiponectin",1.02,0.75,1.64,NA,NA,NA
"0.1umphe","AhR",0.93,0.81,1.43,0.79,0.97,0.16
"0.1umphe","CEBPA",1.49,1.13,1.26,NA,NA,NA
"0.1umphe","CYP1A1",0.68,0.67,1.55,1.67,NA,NA
"0.1umphe","FABP4",0.69,0.86,1.18,0.77,2.7,0.6
"0.1umphe","LPL",0.78,1.14,1.08,NA,NA,NA
"0.1umphe","Plin",1.18,1.03,1.05,NA,NA,NA
"0.1umphe","PPARγ",0.64,1.22,0.93,0.79,0.3,0.57
"0.1umphe","Resistin",0.38,0.41,1.37,1.18,0.74,3.49
"10um9p","Adiponectin",1.36,1.98,2.35,NA,NA,NA
"10um9p","AhR",1.41,1.3,1.46,0.75,1.32,2.52
"10um9p","CEBPA",1.51,1.8,1.54,NA,NA,NA
"10um9p","CYP1A1",1.62,4.59,1.13,1.75,NA,NA
"10um9p","FABP4",1.47,1.02,1.05,1.8,0.39,0.96
"10um9p","LPL",1.09,1.16,1.75,NA,NA,NA
"10um9p","Plin",0.75,1.06,1.01,NA,NA,NA
"10um9p","PPARγ",0.99,0.83,1.07,0.87,2.41,0.66
"10um9p","Resistin",1.14,1.89,0.99,1.3,1.69,0.62
"10umphe","Adiponectin",1.39,1.42,1.55,NA,NA,NA
"10umphe","AhR",1.33,1.13,2.23,1.26,1.31,0.18
"10umphe","CEBPA",1.84,1.67,0.88,NA,NA,NA
"10umphe","CYP1A1",2.51,2.75,1.37,2.96,NA,NA
"10umphe","FABP4",0.81,1.17,1.05,1.09,3.22,1.3
"10umphe","LPL",0.9,1.72,1.1,NA,NA,NA
"10umphe","Plin",1.06,1.14,0.98,NA,NA,NA
"10umphe","PPARγ",0.72,1.32,0.65,0.87,0.33,0.73
"10umphe","Resistin",0.8,0.82,1.32,1.56,2.75,6.13
"1um9p","Adiponectin",1.82,1.39,1.47,NA,NA,NA
"1um9p","AhR",1.14,1.11,1.16,0.88,1.25,2.01
"1um9p","CEBPA",1.54,1.19,1.8,NA,NA,NA
"1um9p","CYP1A1",1.83,1.32,0.73,2.22,NA,NA
"1um9p","FABP4",1.5,1.43,0.85,1.51,0.48,0.63
"1um9p","LPL",1.12,0.94,1.22,NA,NA,NA
"1um9p","Plin",1.17,1.12,1.11,NA,NA,NA
"1um9p","PPARγ",1.41,0.98,0.95,1.06,3.07,0.79
"1um9p","Resistin",1.67,1.64,0.62,0.78,2,0.44
"1umphe","Adiponectin",1.27,0.76,1.1,NA,NA,NA
"1umphe","AhR",1.32,0.96,1.35,0.86,1.23,0.16
"1umphe","CEBPA",1.53,1.12,1.27,NA,NA,NA
"1umphe","CYP1A1",0.98,1.62,1,2.11,NA,NA
"1umphe","FABP4",1.09,0.77,0.96,1,3.65,0.46
"1umphe","LPL",1.25,1.18,0.93,NA,NA,NA
"1umphe","Plin",1.03,0.92,0.91,NA,NA,NA
"1umphe","PPARγ",0.91,1.12,0.79,0.72,0.25,0.46
"1umphe","Resistin",0.91,0.43,0.61,1,0.86,3.35
"20um9p","Adiponectin",0.31,1.56,1.7,NA,NA,NA
"20um9p","AhR",1.59,2.04,2.26,0.25,1.49,1.96
"20um9p","CEBPA",0.8,1.55,1.58,NA,NA,NA
"20um9p","CYP1A1",0.94,4.55,1.14,2.59,NA,NA
"20um9p","FABP4",0.29,0.65,0.37,1.44,0.24,0.96
"20um9p","LPL",0.52,0.76,1.01,NA,NA,NA
"20um9p","Plin",0.38,0.81,0.81,NA,NA,NA
"20um9p","PPARγ",0.38,0.48,0.44,0.52,1.81,0.39
"20um9p","Resistin",0.17,0.96,0.64,1.03,1.48,0.73
"20umbap","AhR",NA,NA,NA,NA,2.8,0.83
"20umbap","CYP1A1",NA,NA,NA,514.04,NA,NA
"20umbap","FABP4",NA,NA,NA,0,0,0
"20umbap","PPARγ",NA,NA,NA,0.03,0,NA
"20umbap","Resistin",NA,NA,NA,NA,0,0
"20umphe","Adiponectin",0.95,1.2,2.26,NA,NA,NA
"20umphe","AhR",1.63,1.14,2.43,1.11,1.31,0.21
"20umphe","CEBPA",1.3,1.87,2.29,NA,NA,NA
"20umphe","CYP1A1",1.67,3.24,2.13,2.05,NA,NA
"20umphe","FABP4",0.67,0.81,0.69,0.8,2.09,1.29
"20umphe","LPL",0.93,1.48,1.1,NA,NA,NA
"20umphe","Plin",0.61,1.08,1.49,NA,NA,NA
"20umphe","PPARγ",0.52,0.98,0.58,0.65,0.21,0.61
"20umphe","Resistin",0.4,0.64,1.35,1.23,1.52,5.23
"50um9p","AhR",NA,NA,NA,0.14,1.35,1.15
"50um9p","CYP1A1",NA,NA,NA,2.49,NA,NA
"50um9p","FABP4",NA,NA,NA,0.8,0.27,0.44
"50um9p","PPARγ",NA,NA,NA,0.28,1.5,0.38
"50um9p","Resistin",NA,NA,NA,1.07,0.63,0.25
"50umphe","AhR",NA,NA,NA,1.02,1.47,0.23
"50umphe","CYP1A1",NA,NA,NA,4.49,NA,NA
"50umphe","FABP4",NA,NA,NA,0.78,3.22,0.69
"50umphe","PPARγ",NA,NA,NA,1.1,0.24,0.43
"50umphe","Resistin",NA,NA,NA,2.57,1.8,2.16
"mi","CYP1A1",NA,NA,NA,0.25,NA,NA
"mi","FABP4",NA,NA,NA,0.04,NA,NA
"mi","PPARγ",NA,NA,NA,0.12,NA,NA
"mir+vehcon","Adiponectin",1,1,1,NA,NA,NA
"mir+vehcon","AhR",1,1,1,1,1,1
"mir+vehcon","CEBPA",1,1,1,NA,NA,NA
"mir+vehcon","CYP1A1",1,1,1,1,NA,NA
"mir+vehcon","FABP4",1,1,1,1,1,1
"mir+vehcon","LPL",1,1,1,NA,NA,NA
"mir+vehcon","Plin",1,1,1,NA,NA,NA
"mir+vehcon","PPARγ",1,1,1,1,1,1
"mir+vehcon","Resistin",1,1,1,1,1,1
