﻿,1,2,3,4,5,6,7,8,9,10,11,12
A,CEBPA,CEBPA,CEBPA,CEBPA,CEBPA,CEBPA,CEBPA,CEBPA,CEBPA,CEBPA,CEBPA,CEBPA
B,CEBPA,CEBPA,CEBPA,CEBPA,CEBPA,CEBPA,CEBPA,CEBPA,CEBPA,CEBPA,CEBPA,CEBPA
C,CEBPA,CEBPA,CEBPA,CEBPA,CEBPA,CEBPA,CEBPA,CEBPA,CEBPA,CEBPA,CEBPA,CEBPA
D,CEBPA,CEBPA,CEBPA,CEBPA,CEBPA,CEBPA,CEBPA,CEBPA,CEBPA,CEBPA,CEBPA,CEBPA
E,FASN,FASN,FASN,FASN,FASN,FASN,FASN,FASN,FASN,FASN,FASN,FASN
F,FASN,FASN,FASN,FASN,FASN,FASN,FASN,FASN,FASN,FASN,FASN,FASN
G,FASN,FASN,FASN,FASN,FASN,FASN,FASN,FASN,FASN,FASN,FASN,FASN
H,FASN,FASN,FASN,FASN,FASN,FASN,FASN,FASN,FASN,FASN,FASN,FASN
