﻿,1,2,3,4,5,6,7,8,9,10,11,12
A,DLK1,DLK1,DLK1,DLK1,DLK1,DLK1,DLK1,DLK1,DLK1,DLK1,DLK1,DLK1
B,DLK1,DLK1,DLK1,DLK1,DLK1,DLK1,DLK1,DLK1,DLK1,DLK1,DLK1,DLK1
C,DLK1,DLK1,DLK1,DLK1,DLK1,DLK1,DLK1,DLK1,DLK1,DLK1,DLK1,DLK1
D,DLK1,DLK1,DLK1,DLK1,DLK1,DLK1,DLK1,DLK1,DLK1,DLK1,DLK1,DLK1
E,SOX9,SOX9,SOX9,SOX9,SOX9,SOX9,SOX9,SOX9,SOX9,SOX9,SOX9,SOX9
F,SOX9,SOX9,SOX9,SOX9,SOX9,SOX9,SOX9,SOX9,SOX9,SOX9,SOX9,SOX9
G,SOX9,SOX9,SOX9,SOX9,SOX9,SOX9,SOX9,SOX9,SOX9,SOX9,SOX9,SOX9
H,SOX9,SOX9,SOX9,SOX9,SOX9,SOX9,SOX9,SOX9,SOX9,SOX9,SOX9,SOX9
