﻿,1,2,3,4,5,6,7,8,9,10,11,12
A,SREBP,SREBP,SREBP,SREBP,SREBP,SREBP,SREBP,SREBP,SREBP,SREBP,SREBP,SREBP
B,SREBP,SREBP,SREBP,SREBP,SREBP,SREBP,SREBP,SREBP,SREBP,SREBP,SREBP,SREBP
C,SREBP,SREBP,SREBP,SREBP,SREBP,SREBP,SREBP,SREBP,SREBP,SREBP,SREBP,SREBP
D,SREBP,SREBP,SREBP,SREBP,SREBP,SREBP,SREBP,SREBP,SREBP,SREBP,SREBP,SREBP
E,CEBPA,CEBPA,CEBPA,CEBPA,CEBPA,CEBPA,CEBPA,CEBPA,CEBPA,CEBPA,CEBPA,CEBPA
F,CEBPA,CEBPA,CEBPA,CEBPA,CEBPA,CEBPA,CEBPA,CEBPA,CEBPA,CEBPA,CEBPA,CEBPA
G,CEBPA,CEBPA,CEBPA,CEBPA,CEBPA,CEBPA,CEBPA,CEBPA,CEBPA,CEBPA,CEBPA,CEBPA
H,CEBPA,CEBPA,CEBPA,CEBPA,CEBPA,CEBPA,CEBPA,CEBPA,CEBPA,CEBPA,CEBPA,CEBPA
