﻿,1,2,3,4,5,6,7,8,9,10,11,12
A,ADIPOQ,ADIPOQ,ADIPOQ,ADIPOQ,ADIPOQ,ADIPOQ,ADIPOQ,ADIPOQ,ADIPOQ,ADIPOQ,ADIPOQ,ADIPOQ
B,ADIPOQ,ADIPOQ,ADIPOQ,ADIPOQ,ADIPOQ,ADIPOQ,ADIPOQ,ADIPOQ,ADIPOQ,ADIPOQ,ADIPOQ,ADIPOQ
C,ADIPOQ,ADIPOQ,ADIPOQ,ADIPOQ,ADIPOQ,ADIPOQ,ADIPOQ,ADIPOQ,ADIPOQ,ADIPOQ,ADIPOQ,ADIPOQ
D,ADIPOQ,ADIPOQ,ADIPOQ,ADIPOQ,ADIPOQ,ADIPOQ,ADIPOQ,ADIPOQ,ADIPOQ,ADIPOQ,ADIPOQ,ADIPOQ
E,ADIPOQ,ADIPOQ,ADIPOQ,ADIPOQ,ADIPOQ,ADIPOQ,ADIPOQ,ADIPOQ,ADIPOQ,ADIPOQ,ADIPOQ,ADIPOQ
F,ADIPOQ,ADIPOQ,ADIPOQ,ADIPOQ,ADIPOQ,ADIPOQ,ADIPOQ,ADIPOQ,ADIPOQ,ADIPOQ,ADIPOQ,ADIPOQ
G,ADIPOQ,ADIPOQ,ADIPOQ,ADIPOQ,ADIPOQ,ADIPOQ,ADIPOQ,ADIPOQ,ADIPOQ,ADIPOQ,ADIPOQ,ADIPOQ
H,ADIPOQ,ADIPOQ,ADIPOQ,ADIPOQ,ADIPOQ,ADIPOQ,ADIPOQ,ADIPOQ,ADIPOQ,ADIPOQ,ADIPOQ,ADIPOQ
