﻿,1,2,3,4,5,6,7,8,9,10,11,12
A,FABP4,FABP4,FABP4,CEBPA,CEBPA,CEBPA,FABP4,FABP4,FABP4,CEBPA,CEBPA,CEBPA
B,LPL,LPL,LPL,DLK1,DLK1,DLK1,LPL,LPL,LPL,KLF2,KLF2,KLF2
C,PLIN,PLIN,PLIN,DLK1,DLK1,DLK1,PLIN,PLIN,PLIN,KLF2,KLF2,KLF2
D,PPARg,PPARg,PPARg,DLK1,DLK1,DLK1,PPARg,PPARg,PPARg,KLF2,KLF2,KLF2
E,ADIPOQ,ADIPOQ,ADIPOQ,DLK1,DLK1,DLK1,ADIPOQ,ADIPOQ,ADIPOQ,KLF2,KLF2,KLF2
F,RETN,RETN,RETN,,,,RETN,RETN,RETN,,,
G,FASN,FASN,FASN,SOX9,SOX9,SOX9,FASN,FASN,FASN,SOX9,SOX9,SOX9
H,SREBP,SREBP,SREBP,SOX9,SOX9,SOX9,SREBP,SREBP,SREBP,SOX9,SOX9,SOX9
