﻿,1,2,3,4,5,6,7,8,9,10,11,12
A,DLK1,DLK1,DLK1,DLK1,DLK1,DLK1,DLK1,DLK1,DLK1,DLK1,DLK1,DLK1
B,DLK1,DLK1,DLK1,DLK1,DLK1,DLK1,DLK1,DLK1,DLK1,DLK1,DLK1,DLK1
C,DLK1,DLK1,DLK1,DLK1,DLK1,DLK1,DLK1,DLK1,DLK1,DLK1,DLK1,DLK1
D,DLK1,DLK1,DLK1,DLK1,DLK1,DLK1,DLK1,DLK1,DLK1,DLK1,DLK1,DLK1
E,DLK1,DLK1,DLK1,DLK1,DLK1,DLK1,DLK1,DLK1,DLK1,,,
F,DLK1,DLK1,DLK1,DLK1,DLK1,DLK1,DLK1,DLK1,DLK1,DLK1,DLK1,DLK1
G,DLK1,DLK1,DLK1,DLK1,DLK1,DLK1,DLK1,DLK1,DLK1,DLK1,DLK1,DLK1
H,DLK1,DLK1,DLK1,DLK1,DLK1,DLK1,DLK1,DLK1,DLK1,DLK1,DLK1,DLK1
