﻿,1,2,3,4,5,6,7,8,9,10,11,12
A,ADIPOQ,ADIPOQ,ADIPOQ,RETN,RETN,RETN,PPARg,PPARg,PPARg,PPARa,PPARa,PPARa
B,ADIPOQ,ADIPOQ,ADIPOQ,RETN,RETN,RETN,PPARg,PPARg,PPARg,PPARa,PPARa,PPARa
C,ADIPOQ,ADIPOQ,ADIPOQ,RETN,RETN,RETN,PPARg,PPARg,PPARg,PPARa,PPARa,PPARa
D,ADIPOQ,ADIPOQ,ADIPOQ,RETN,RETN,RETN,PPARg,PPARg,PPARg,PPARa,PPARa,PPARa
E,ADIPOQ,ADIPOQ,ADIPOQ,RETN,RETN,RETN,PPARg,PPARg,PPARg,PPARa,PPARa,PPARa
F,ADIPOQ,ADIPOQ,ADIPOQ,RETN,RETN,RETN,PPARg,PPARg,PPARg,PPARa,PPARa,PPARa
G,,,,,,,,,,,,
H,,,,,,,,,,,,
