﻿,1,2,3,4,5,6,7,8,9,10,11,12
A,KLF2,KLF2,KLF2,KLF2,KLF2,KLF2,KLF2,KLF2,KLF2,KLF2,KLF2,KLF2
B,KLF2,KLF2,KLF2,KLF2,KLF2,KLF2,KLF2,KLF2,KLF2,KLF2,KLF2,KLF2
C,KLF2,KLF2,KLF2,KLF2,KLF2,KLF2,KLF2,KLF2,KLF2,KLF2,KLF2,KLF2
D,KLF2,KLF2,KLF2,KLF2,KLF2,KLF2,KLF2,KLF2,KLF2,KLF2,KLF2,KLF2
E,SOX9,SOX9,SOX9,SOX9,SOX9,SOX9,SOX9,SOX9,SOX9,SOX9,SOX9,SOX9
F,SOX9,SOX9,SOX9,SOX9,SOX9,SOX9,SOX9,SOX9,SOX9,SOX9,SOX9,SOX9
G,SOX9,SOX9,SOX9,SOX9,SOX9,SOX9,SOX9,SOX9,SOX9,SOX9,SOX9,SOX9
H,SOX9,SOX9,SOX9,SOX9,SOX9,SOX9,SOX9,SOX9,SOX9,SOX9,SOX9,SOX9
