﻿,1,2,3,4,5,6,7,8,9,10,11,12
A,PLIN,PLIN,PLIN,PLIN,PLIN,PLIN,PLIN,PLIN,PLIN,PLIN,PLIN,PLIN
B,PLIN,PLIN,PLIN,PLIN,PLIN,PLIN,PLIN,PLIN,PLIN,PLIN,PLIN,PLIN
C,PLIN,PLIN,PLIN,PLIN,PLIN,PLIN,PLIN,PLIN,PLIN,PLIN,PLIN,PLIN
D,PLIN,PLIN,PLIN,PLIN,PLIN,PLIN,PLIN,PLIN,PLIN,PLIN,PLIN,PLIN
E,FABP4,FABP4,FABP4,FABP4,FABP4,FABP4,FABP4,FABP4,FABP4,FABP4,FABP4,FABP4
F,FABP4,FABP4,FABP4,FABP4,FABP4,FABP4,FABP4,FABP4,FABP4,FABP4,FABP4,FABP4
G,FABP4,FABP4,FABP4,FABP4,FABP4,FABP4,FABP4,FABP4,FABP4,FABP4,FABP4,FABP4
H,FABP4,FABP4,FABP4,FABP4,FABP4,FABP4,FABP4,FABP4,FABP4,FABP4,FABP4,FABP4
